input_postcode,input_address,heating_type,building_emissions,result_address,result_value,Property Address,Proprietor,Tenant,Rateable Value,detail_url,search_url
48 Kelvin Avenue,Unit 5,Natural Gas,114.12,X98160/0048,WORKSHOP,48 KELVIN AVENUEHILLINGTONGLASGOWG52 4LT,AVIEMORE TRUSTEE LTD AS TRUSTEE OF AVIEMORE HILLINGTON PARK UNIT TRUST,AFFORDABLE GOLF LTD,"£27,500",https://www.saa.gov.uk/search/?SEARCHED=1&SEARCH_TABLE=valuation_roll_cpsplit&SEARCH_TERM=48+Kelvin+Avenue&searchtype=listing&DISPLAY_COUNT=10&ASSESSOR_ID=&TYPE_FLAG=C&ORDER_BY=PROPERTY_ADDRESS&H_ORDER_BY=SET+DESC&R_ORDER_BY=SET+DESC&DISPLAY_MODE=FULL&type_flag=C&UARN=X98160%2F0048&PPRN=67239110&ASSESSOR_IDX=12&#results,https://www.saa.gov.uk/search/?SEARCHED=1&SEARCH_TABLE=valuation_roll&SEARCH_TERM=48+Kelvin+Avenue&searchtype=listing#results
46 Kelvin Avenue,Unit 4,Natural Gas,114.74,X98160/0046,WORKSHOP,46 KELVIN AVENUEHILLINGTONGLASGOWG52 4LT,AVIEMORE TRUSTEE LTD AS TRUSTEE OF AVIEMORE HILLINGTON PARK UNIT TRUST,HUGHES ELECTRICAL LTD,"£27,250",https://www.saa.gov.uk/search/?SEARCHED=1&SEARCH_TABLE=valuation_roll_cpsplit&SEARCH_TERM=46+Kelvin+Avenue&searchtype=listing&DISPLAY_COUNT=10&ASSESSOR_ID=&TYPE_FLAG=C&ORDER_BY=PROPERTY_ADDRESS&H_ORDER_BY=SET+DESC&R_ORDER_BY=SET+DESC&DISPLAY_MODE=FULL&type_flag=C&UARN=X98160%2F0046&PPRN=67060021&ASSESSOR_IDX=12&#results,https://www.saa.gov.uk/search/?SEARCHED=1&SEARCH_TABLE=valuation_roll&SEARCH_TERM=46+Kelvin+Avenue&searchtype=listing#results
Earl Haig Road,Unit 10 Hillington Park Shopping Centre,Oil,67.57,X97860/0001,WORKSHOP,1 EARL HAIG ROADHILLINGTONGLASGOWG52 4JU,AVIEMORE TRUSTEE LTD AS TRUSTEE OF AVIEMORE HILLINGTON PARK UNIT TRUST,SUNBELT RENTALS LTD,"£46,000",https://www.saa.gov.uk/search/?SEARCHED=1&SEARCH_TABLE=valuation_roll_cpsplit&SEARCH_TERM=Earl+Haig+Road&searchtype=listing&DISPLAY_COUNT=10&ASSESSOR_ID=&TYPE_FLAG=C&ORDER_BY=PROPERTY_ADDRESS&H_ORDER_BY=SET+DESC&R_ORDER_BY=SET+DESC&DISPLAY_MODE=FULL&type_flag=C&UARN=X97860%2F0001&PPRN=67172679&ASSESSOR_IDX=12&#results,https://www.saa.gov.uk/search/?SEARCHED=1&SEARCH_TABLE=valuation_roll&SEARCH_TERM=Earl+Haig+Road&searchtype=listing#results
Earl Haig Road,Unit 10 Hillington Park Shopping Centre,Oil,67.57,X97860/0003 /00015,OFFICE,FIRST FLOOR THE HUB3 EARL HAIG ROADHILLINGTONGLASGOWG52 4JU,RESOLVE HUB LTD,,"£43,500",https://www.saa.gov.uk/search/?SEARCHED=1&SEARCH_TABLE=valuation_roll_cpsplit&SEARCH_TERM=Earl+Haig+Road&searchtype=listing&DISPLAY_COUNT=10&ASSESSOR_ID=&TYPE_FLAG=C&ORDER_BY=PROPERTY_ADDRESS&H_ORDER_BY=SET+DESC&R_ORDER_BY=SET+DESC&DISPLAY_MODE=FULL&type_flag=C&UARN=X97860%2F0003+%2F00015&PPRN=67167993&ASSESSOR_IDX=12&#results,https://www.saa.gov.uk/search/?SEARCHED=1&SEARCH_TABLE=valuation_roll&SEARCH_TERM=Earl+Haig+Road&searchtype=listing#results
Earl Haig Road,Unit 10 Hillington Park Shopping Centre,Oil,67.57,X97860/0003 /00005,OFFICE,GROUND FLOOR THE HUB3 EARL HAIG ROADHILLINGTONGLASGOWG52 4JU,RESOLVE HUB LTD,RESOLVE MEDICOLEGAL LTD,"£43,500",https://www.saa.gov.uk/search/?SEARCHED=1&SEARCH_TABLE=valuation_roll_cpsplit&SEARCH_TERM=Earl+Haig+Road&searchtype=listing&DISPLAY_COUNT=10&ASSESSOR_ID=&TYPE_FLAG=C&ORDER_BY=PROPERTY_ADDRESS&H_ORDER_BY=SET+DESC&R_ORDER_BY=SET+DESC&DISPLAY_MODE=FULL&type_flag=C&UARN=X97860%2F0003+%2F00005&PPRN=67166733&ASSESSOR_IDX=12&#results,https://www.saa.gov.uk/search/?SEARCHED=1&SEARCH_TABLE=valuation_roll&SEARCH_TERM=Earl+Haig+Road&searchtype=listing#results
Earl Haig Road,Unit 10 Hillington Park Shopping Centre,Oil,67.57,X97860/0004,WORKSHOP,4-2 EARL HAIG ROADHILLINGTONGLASGOWG52 4JU,RDP (AYR) LTD,,"£61,000",https://www.saa.gov.uk/search/?SEARCHED=1&SEARCH_TABLE=valuation_roll_cpsplit&SEARCH_TERM=Earl+Haig+Road&searchtype=listing&DISPLAY_COUNT=10&ASSESSOR_ID=&TYPE_FLAG=C&ORDER_BY=PROPERTY_ADDRESS&H_ORDER_BY=SET+DESC&R_ORDER_BY=SET+DESC&DISPLAY_MODE=FULL&type_flag=C&UARN=X97860%2F0004&PPRN=67059473&ASSESSOR_IDX=12&#results,https://www.saa.gov.uk/search/?SEARCHED=1&SEARCH_TABLE=valuation_roll&SEARCH_TERM=Earl+Haig+Road&searchtype=listing#results
Earl Haig Road,Unit 10 Hillington Park Shopping Centre,Oil,67.57,X97860/0005,WORKSHOP,5 EARL HAIG ROADHILLINGTONGLASGOWG52 4JU,MOHAMED KHALAD CHAUDARY T/A M A INTERNATIONAL,,"£46,500",https://www.saa.gov.uk/search/?SEARCHED=1&SEARCH_TABLE=valuation_roll_cpsplit&SEARCH_TERM=Earl+Haig+Road&searchtype=listing&DISPLAY_COUNT=10&ASSESSOR_ID=&TYPE_FLAG=C&ORDER_BY=PROPERTY_ADDRESS&H_ORDER_BY=SET+DESC&R_ORDER_BY=SET+DESC&DISPLAY_MODE=FULL&type_flag=C&UARN=X97860%2F0005&PPRN=67059333&ASSESSOR_IDX=12&#results,https://www.saa.gov.uk/search/?SEARCHED=1&SEARCH_TABLE=valuation_roll&SEARCH_TERM=Earl+Haig+Road&searchtype=listing#results
Earl Haig Road,Unit 10 Hillington Park Shopping Centre,Oil,67.57,X97860/0009,STORE,9 EARL HAIG ROADHILLINGTONGLASGOWG52 4JU,MOHAMMED AKHTAR,,"£17,000",https://www.saa.gov.uk/search/?SEARCHED=1&SEARCH_TABLE=valuation_roll_cpsplit&SEARCH_TERM=Earl+Haig+Road&searchtype=listing&DISPLAY_COUNT=10&ASSESSOR_ID=&TYPE_FLAG=C&ORDER_BY=PROPERTY_ADDRESS&H_ORDER_BY=SET+DESC&R_ORDER_BY=SET+DESC&DISPLAY_MODE=FULL&type_flag=C&UARN=X97860%2F0009&PPRN=67059341&ASSESSOR_IDX=12&#results,https://www.saa.gov.uk/search/?SEARCHED=1&SEARCH_TABLE=valuation_roll&SEARCH_TERM=Earl+Haig+Road&searchtype=listing#results
Earl Haig Road,Unit 10 Hillington Park Shopping Centre,Oil,67.57,X97860/0011,FACTORY,11 EARL HAIG ROADHILLINGTONGLASGOWG52 4JU,WHISTLEFIELD PROPERTIES LTD,VENTURA GLOBAL LTD,"£29,000",https://www.saa.gov.uk/search/?SEARCHED=1&SEARCH_TABLE=valuation_roll_cpsplit&SEARCH_TERM=Earl+Haig+Road&searchtype=listing&DISPLAY_COUNT=10&ASSESSOR_ID=&TYPE_FLAG=C&ORDER_BY=PROPERTY_ADDRESS&H_ORDER_BY=SET+DESC&R_ORDER_BY=SET+DESC&DISPLAY_MODE=FULL&type_flag=C&UARN=X97860%2F0011&PPRN=67159354&ASSESSOR_IDX=12&#results,https://www.saa.gov.uk/search/?SEARCHED=1&SEARCH_TABLE=valuation_roll&SEARCH_TERM=Earl+Haig+Road&searchtype=listing#results
Earl Haig Road,Unit 10 Hillington Park Shopping Centre,Oil,67.57,X97860/0013 /00005,WAREHOUSE ETC,13 EARL HAIG ROADHILLINGTONGLASGOWG52 4JU,CHAIR INVESTMENT LTD,PATERSON (SCOTLAND) LTD,"£24,500",https://www.saa.gov.uk/search/?SEARCHED=1&SEARCH_TABLE=valuation_roll_cpsplit&SEARCH_TERM=Earl+Haig+Road&searchtype=listing&DISPLAY_COUNT=10&ASSESSOR_ID=&TYPE_FLAG=C&ORDER_BY=PROPERTY_ADDRESS&H_ORDER_BY=SET+DESC&R_ORDER_BY=SET+DESC&DISPLAY_MODE=FULL&type_flag=C&UARN=X97860%2F0013+%2F00005&PPRN=67059368&ASSESSOR_IDX=12&#results,https://www.saa.gov.uk/search/?SEARCHED=1&SEARCH_TABLE=valuation_roll&SEARCH_TERM=Earl+Haig+Road&searchtype=listing#results
Earl Haig Road,Unit 10 Hillington Park Shopping Centre,Oil,67.57,X97860/0013 /00010,OFFICE,FIRST FLOOR13 EARL HAIG ROADHILLINGTONGLASGOWG52 4JU,CHAIR INVESTMENT LTD,PATERSON (SCOTLAND) LTD,"£11,500",https://www.saa.gov.uk/search/?SEARCHED=1&SEARCH_TABLE=valuation_roll_cpsplit&SEARCH_TERM=Earl+Haig+Road&searchtype=listing&DISPLAY_COUNT=10&ASSESSOR_ID=&TYPE_FLAG=C&ORDER_BY=PROPERTY_ADDRESS&H_ORDER_BY=SET+DESC&R_ORDER_BY=SET+DESC&DISPLAY_MODE=FULL&type_flag=C&UARN=X97860%2F0013+%2F00010&PPRN=67196586&ASSESSOR_IDX=12&#results,https://www.saa.gov.uk/search/?SEARCHED=1&SEARCH_TABLE=valuation_roll&SEARCH_TERM=Earl+Haig+Road&searchtype=listing#results
Earl Haig Road,Unit 10 Hillington Park Shopping Centre,Oil,67.57,X97860/0014,FACTORY,14-8 EARL HAIG ROADHILLINGTONGLASGOWG52 4JU,AVIEMORE TRUSTEE LTD AS TRUSTEE OF AVIEMORE HILLINGTON PARK UNIT TRUST,POWER & ENERGY INTERNATIONAL LTD,"£100,000",https://www.saa.gov.uk/search/?SEARCHED=1&SEARCH_TABLE=valuation_roll_cpsplit&SEARCH_TERM=Earl+Haig+Road&searchtype=listing&DISPLAY_COUNT=10&ASSESSOR_ID=&TYPE_FLAG=C&ORDER_BY=PROPERTY_ADDRESS&H_ORDER_BY=SET+DESC&R_ORDER_BY=SET+DESC&DISPLAY_MODE=FULL&type_flag=C&UARN=X97860%2F0014&PPRN=67059465&ASSESSOR_IDX=12&#results,https://www.saa.gov.uk/search/?SEARCHED=1&SEARCH_TABLE=valuation_roll&SEARCH_TERM=Earl+Haig+Road&searchtype=listing#results
1 Queensberry Avenue,Unit B1,Natural Gas,28.24,X98830/0001,WORKSHOP,UNIT B11 QUEENSBERRY AVENUEHILLINGTONGLASGOWG52 4NL,SURVEY AND CONNECTION,,"£27,000",https://www.saa.gov.uk/search/?SEARCHED=1&SEARCH_TABLE=valuation_roll_cpsplit&SEARCH_TERM=1+Queensberry+Avenue&searchtype=listing&DISPLAY_COUNT=10&ASSESSOR_ID=&TYPE_FLAG=C&ORDER_BY=PROPERTY_ADDRESS&H_ORDER_BY=SET+DESC&R_ORDER_BY=SET+DESC&DISPLAY_MODE=FULL&type_flag=C&UARN=X98830%2F0001&PPRN=67153232&ASSESSOR_IDX=12&#results,https://www.saa.gov.uk/search/?SEARCHED=1&SEARCH_TABLE=valuation_roll&SEARCH_TERM=1+Queensberry+Avenue&searchtype=listing#results
1 Queensberry Avenue,Unit B1,Natural Gas,28.24,X98830/0007 /00005,OFFICE,UNIT 17 QUEENSBERRY AVENUEHILLINGTONGLASGOWG52 4NL,M&R COMMERCIAL LTD,MAKE UP & HAIR DEPARTMENT LTD,"£4,000",https://www.saa.gov.uk/search/?SEARCHED=1&SEARCH_TABLE=valuation_roll_cpsplit&SEARCH_TERM=1+Queensberry+Avenue&searchtype=listing&DISPLAY_COUNT=10&ASSESSOR_ID=&TYPE_FLAG=C&ORDER_BY=PROPERTY_ADDRESS&H_ORDER_BY=SET+DESC&R_ORDER_BY=SET+DESC&DISPLAY_MODE=FULL&type_flag=C&UARN=X98830%2F0007+%2F00005&PPRN=67158803&ASSESSOR_IDX=12&#results,https://www.saa.gov.uk/search/?SEARCHED=1&SEARCH_TABLE=valuation_roll&SEARCH_TERM=1+Queensberry+Avenue&searchtype=listing#results
28 QUEEN ELIZABETH AVENUE,UNIT 3,Natural Gas,64.92,X98820/0001 /U0028,WHOLESALE WAREHOUSE,UNIT 28WILSON BUSINESS PARK1 QUEEN ELIZABETH AVENUEHILLINGTONGLASGOWG52 4NQ,IAIN WILSON PROPERTIES LTD,MER MARINE TECHNOLOGIES,"£2,800",https://www.saa.gov.uk/search/?SEARCHED=1&SEARCH_TABLE=valuation_roll_cpsplit&SEARCH_TERM=28+QUEEN+ELIZABETH+AVENUE&searchtype=listing&DISPLAY_COUNT=10&ASSESSOR_ID=&TYPE_FLAG=C&ORDER_BY=PROPERTY_ADDRESS&H_ORDER_BY=SET+DESC&R_ORDER_BY=SET+DESC&DISPLAY_MODE=FULL&type_flag=C&UARN=X98820%2F0001+%2FU0028&PPRN=67157629&ASSESSOR_IDX=12&#results,https://www.saa.gov.uk/search/?SEARCHED=1&SEARCH_TABLE=valuation_roll&SEARCH_TERM=28+QUEEN+ELIZABETH+AVENUE&searchtype=listing#results
28 QUEEN ELIZABETH AVENUE,UNIT 3,Natural Gas,64.92,X98820/0028 /U0001,WORKSHOP,UNIT 128 QUEEN ELIZABETH AVENUEHILLINGTONGLASGOWG52 4NQ,APPLES CATERING,HILLINGTON TIMBER & DOORS,"£22,000",https://www.saa.gov.uk/search/?SEARCHED=1&SEARCH_TABLE=valuation_roll_cpsplit&SEARCH_TERM=28+QUEEN+ELIZABETH+AVENUE&searchtype=listing&DISPLAY_COUNT=10&ASSESSOR_ID=&TYPE_FLAG=C&ORDER_BY=PROPERTY_ADDRESS&H_ORDER_BY=SET+DESC&R_ORDER_BY=SET+DESC&DISPLAY_MODE=FULL&type_flag=C&UARN=X98820%2F0028+%2FU0001&PPRN=67164889&ASSESSOR_IDX=12&#results,https://www.saa.gov.uk/search/?SEARCHED=1&SEARCH_TABLE=valuation_roll&SEARCH_TERM=28+QUEEN+ELIZABETH+AVENUE&searchtype=listing#results
28 QUEEN ELIZABETH AVENUE,UNIT 3,Natural Gas,64.92,X98820/0028 /U002A,WORKSHOP,UNIT 2A28 QUEEN ELIZABETH AVENUEHILLINGTONGLASGOWG52 4NQ,C & I MCMILLAN PROPERTY,MCMILLANS CHEMDRY,"£11,500",https://www.saa.gov.uk/search/?SEARCHED=1&SEARCH_TABLE=valuation_roll_cpsplit&SEARCH_TERM=28+QUEEN+ELIZABETH+AVENUE&searchtype=listing&DISPLAY_COUNT=10&ASSESSOR_ID=&TYPE_FLAG=C&ORDER_BY=PROPERTY_ADDRESS&H_ORDER_BY=SET+DESC&R_ORDER_BY=SET+DESC&DISPLAY_MODE=FULL&type_flag=C&UARN=X98820%2F0028+%2FU002A&PPRN=67164897&ASSESSOR_IDX=12&#results,https://www.saa.gov.uk/search/?SEARCHED=1&SEARCH_TABLE=valuation_roll&SEARCH_TERM=28+QUEEN+ELIZABETH+AVENUE&searchtype=listing#results
28 QUEEN ELIZABETH AVENUE,UNIT 3,Natural Gas,64.92,X98820/0028 /U002B,WORKSHOP,UNIT 2B28 QUEEN ELIZABETH AVENUEHILLINGTONGLASGOWG52 4NQ,C & I MCMILLAN PROPERTY,REVIVE/BLANDS REMOVALS,"£13,000",https://www.saa.gov.uk/search/?SEARCHED=1&SEARCH_TABLE=valuation_roll_cpsplit&SEARCH_TERM=28+QUEEN+ELIZABETH+AVENUE&searchtype=listing&DISPLAY_COUNT=10&ASSESSOR_ID=&TYPE_FLAG=C&ORDER_BY=PROPERTY_ADDRESS&H_ORDER_BY=SET+DESC&R_ORDER_BY=SET+DESC&DISPLAY_MODE=FULL&type_flag=C&UARN=X98820%2F0028+%2FU002B&PPRN=67174736&ASSESSOR_IDX=12&#results,https://www.saa.gov.uk/search/?SEARCHED=1&SEARCH_TABLE=valuation_roll&SEARCH_TERM=28+QUEEN+ELIZABETH+AVENUE&searchtype=listing#results
28 QUEEN ELIZABETH AVENUE,UNIT 3,Natural Gas,64.92,X98820/0028 /U0003,WORKSHOP,UNIT 328 QUEEN ELIZABETH AVENUEHILLINGTONGLASGOWG52 4NQ,G2 INTERIORS LTD,,"£23,000",https://www.saa.gov.uk/search/?SEARCHED=1&SEARCH_TABLE=valuation_roll_cpsplit&SEARCH_TERM=28+QUEEN+ELIZABETH+AVENUE&searchtype=listing&DISPLAY_COUNT=10&ASSESSOR_ID=&TYPE_FLAG=C&ORDER_BY=PROPERTY_ADDRESS&H_ORDER_BY=SET+DESC&R_ORDER_BY=SET+DESC&DISPLAY_MODE=FULL&type_flag=C&UARN=X98820%2F0028+%2FU0003&PPRN=67164900&ASSESSOR_IDX=12&#results,https://www.saa.gov.uk/search/?SEARCHED=1&SEARCH_TABLE=valuation_roll&SEARCH_TERM=28+QUEEN+ELIZABETH+AVENUE&searchtype=listing#results
28 QUEEN ELIZABETH AVENUE,UNIT 3,Natural Gas,64.92,X98820/0028 /U0004,WORKSHOP,UNIT 428 QUEEN ELIZABETH AVENUEHILLINGTONGLASGOWG52 4NQ,RUB A DUB RECORDS,,"£28,000",https://www.saa.gov.uk/search/?SEARCHED=1&SEARCH_TABLE=valuation_roll_cpsplit&SEARCH_TERM=28+QUEEN+ELIZABETH+AVENUE&searchtype=listing&DISPLAY_COUNT=10&ASSESSOR_ID=&TYPE_FLAG=C&ORDER_BY=PROPERTY_ADDRESS&H_ORDER_BY=SET+DESC&R_ORDER_BY=SET+DESC&DISPLAY_MODE=FULL&type_flag=C&UARN=X98820%2F0028+%2FU0004&PPRN=67164064&ASSESSOR_IDX=12&#results,https://www.saa.gov.uk/search/?SEARCHED=1&SEARCH_TABLE=valuation_roll&SEARCH_TERM=28+QUEEN+ELIZABETH+AVENUE&searchtype=listing#results
28 QUEEN ELIZABETH AVENUE,UNIT 3,Natural Gas,64.92,X98820/0028 /U0005,WORKSHOP,UNIT 528 QUEEN ELIZABETH AVENUEHILLINGTONGLASGOWG52 4NQ,PREMIER WELDING (SCOTLAND) LTD,,"£18,000",https://www.saa.gov.uk/search/?SEARCHED=1&SEARCH_TABLE=valuation_roll_cpsplit&SEARCH_TERM=28+QUEEN+ELIZABETH+AVENUE&searchtype=listing&DISPLAY_COUNT=10&ASSESSOR_ID=&TYPE_FLAG=C&ORDER_BY=PROPERTY_ADDRESS&H_ORDER_BY=SET+DESC&R_ORDER_BY=SET+DESC&DISPLAY_MODE=FULL&type_flag=C&UARN=X98820%2F0028+%2FU0005&PPRN=67162975&ASSESSOR_IDX=12&#results,https://www.saa.gov.uk/search/?SEARCHED=1&SEARCH_TABLE=valuation_roll&SEARCH_TERM=28+QUEEN+ELIZABETH+AVENUE&searchtype=listing#results
28 QUEEN ELIZABETH AVENUE,UNIT 3,Natural Gas,64.92,X98820/0028 /U0006,WORKSHOP,UNIT 628 QUEEN ELIZABETH AVENUEHILLINGTONGLASGOWG52 4NQ,W W E SOLUTIONS LTD,,"£18,500",https://www.saa.gov.uk/search/?SEARCHED=1&SEARCH_TABLE=valuation_roll_cpsplit&SEARCH_TERM=28+QUEEN+ELIZABETH+AVENUE&searchtype=listing&DISPLAY_COUNT=10&ASSESSOR_ID=&TYPE_FLAG=C&ORDER_BY=PROPERTY_ADDRESS&H_ORDER_BY=SET+DESC&R_ORDER_BY=SET+DESC&DISPLAY_MODE=FULL&type_flag=C&UARN=X98820%2F0028+%2FU0006&PPRN=67163467&ASSESSOR_IDX=12&#results,https://www.saa.gov.uk/search/?SEARCHED=1&SEARCH_TABLE=valuation_roll&SEARCH_TERM=28+QUEEN+ELIZABETH+AVENUE&searchtype=listing#results
28 QUEEN ELIZABETH AVENUE,UNIT 3,Natural Gas,64.92,X98820/0028 /U0007,WORKSHOP,UNIT 728 QUEEN ELIZABETH AVENUEHILLINGTONGLASGOWG52 4NQ,ASSOCIATED PRODUCTION TOOLS LTD,,"£18,500",https://www.saa.gov.uk/search/?SEARCHED=1&SEARCH_TABLE=valuation_roll_cpsplit&SEARCH_TERM=28+QUEEN+ELIZABETH+AVENUE&searchtype=listing&DISPLAY_COUNT=10&ASSESSOR_ID=&TYPE_FLAG=C&ORDER_BY=PROPERTY_ADDRESS&H_ORDER_BY=SET+DESC&R_ORDER_BY=SET+DESC&DISPLAY_MODE=FULL&type_flag=C&UARN=X98820%2F0028+%2FU0007&PPRN=67163882&ASSESSOR_IDX=12&#results,https://www.saa.gov.uk/search/?SEARCHED=1&SEARCH_TABLE=valuation_roll&SEARCH_TERM=28+QUEEN+ELIZABETH+AVENUE&searchtype=listing#results
28 QUEEN ELIZABETH AVENUE,UNIT 3,Natural Gas,64.92,X98820/0028 /U0008,WORKSHOP,UNIT 828 QUEEN ELIZABETH AVENUEHILLINGTONGLASGOWG52 4NQ,BOSTON NETWORKS LTD,,"£16,000",https://www.saa.gov.uk/search/?SEARCHED=1&SEARCH_TABLE=valuation_roll_cpsplit&SEARCH_TERM=28+QUEEN+ELIZABETH+AVENUE&searchtype=listing&DISPLAY_COUNT=10&ASSESSOR_ID=&TYPE_FLAG=C&ORDER_BY=PROPERTY_ADDRESS&H_ORDER_BY=SET+DESC&R_ORDER_BY=SET+DESC&DISPLAY_MODE=FULL&type_flag=C&UARN=X98820%2F0028+%2FU0008&PPRN=67164919&ASSESSOR_IDX=12&#results,https://www.saa.gov.uk/search/?SEARCHED=1&SEARCH_TABLE=valuation_roll&SEARCH_TERM=28+QUEEN+ELIZABETH+AVENUE&searchtype=listing#results
28 QUEEN ELIZABETH AVENUE,UNIT 9,Natural Gas,47.64,X98820/0001 /U0028,WHOLESALE WAREHOUSE,UNIT 28WILSON BUSINESS PARK1 QUEEN ELIZABETH AVENUEHILLINGTONGLASGOWG52 4NQ,IAIN WILSON PROPERTIES LTD,MER MARINE TECHNOLOGIES,"£2,800",https://www.saa.gov.uk/search/?SEARCHED=1&SEARCH_TABLE=valuation_roll_cpsplit&SEARCH_TERM=28+QUEEN+ELIZABETH+AVENUE&searchtype=listing&DISPLAY_COUNT=10&ASSESSOR_ID=&TYPE_FLAG=C&ORDER_BY=PROPERTY_ADDRESS&H_ORDER_BY=SET+DESC&R_ORDER_BY=SET+DESC&DISPLAY_MODE=FULL&type_flag=C&UARN=X98820%2F0001+%2FU0028&PPRN=67157629&ASSESSOR_IDX=12&#results,https://www.saa.gov.uk/search/?SEARCHED=1&SEARCH_TABLE=valuation_roll&SEARCH_TERM=28+QUEEN+ELIZABETH+AVENUE&searchtype=listing#results
28 QUEEN ELIZABETH AVENUE,UNIT 9,Natural Gas,47.64,X98820/0028 /U0001,WORKSHOP,UNIT 128 QUEEN ELIZABETH AVENUEHILLINGTONGLASGOWG52 4NQ,APPLES CATERING,HILLINGTON TIMBER & DOORS,"£22,000",https://www.saa.gov.uk/search/?SEARCHED=1&SEARCH_TABLE=valuation_roll_cpsplit&SEARCH_TERM=28+QUEEN+ELIZABETH+AVENUE&searchtype=listing&DISPLAY_COUNT=10&ASSESSOR_ID=&TYPE_FLAG=C&ORDER_BY=PROPERTY_ADDRESS&H_ORDER_BY=SET+DESC&R_ORDER_BY=SET+DESC&DISPLAY_MODE=FULL&type_flag=C&UARN=X98820%2F0028+%2FU0001&PPRN=67164889&ASSESSOR_IDX=12&#results,https://www.saa.gov.uk/search/?SEARCHED=1&SEARCH_TABLE=valuation_roll&SEARCH_TERM=28+QUEEN+ELIZABETH+AVENUE&searchtype=listing#results
28 QUEEN ELIZABETH AVENUE,UNIT 9,Natural Gas,47.64,X98820/0028 /U002A,WORKSHOP,UNIT 2A28 QUEEN ELIZABETH AVENUEHILLINGTONGLASGOWG52 4NQ,C & I MCMILLAN PROPERTY,MCMILLANS CHEMDRY,"£11,500",https://www.saa.gov.uk/search/?SEARCHED=1&SEARCH_TABLE=valuation_roll_cpsplit&SEARCH_TERM=28+QUEEN+ELIZABETH+AVENUE&searchtype=listing&DISPLAY_COUNT=10&ASSESSOR_ID=&TYPE_FLAG=C&ORDER_BY=PROPERTY_ADDRESS&H_ORDER_BY=SET+DESC&R_ORDER_BY=SET+DESC&DISPLAY_MODE=FULL&type_flag=C&UARN=X98820%2F0028+%2FU002A&PPRN=67164897&ASSESSOR_IDX=12&#results,https://www.saa.gov.uk/search/?SEARCHED=1&SEARCH_TABLE=valuation_roll&SEARCH_TERM=28+QUEEN+ELIZABETH+AVENUE&searchtype=listing#results
28 QUEEN ELIZABETH AVENUE,UNIT 9,Natural Gas,47.64,X98820/0028 /U002B,WORKSHOP,UNIT 2B28 QUEEN ELIZABETH AVENUEHILLINGTONGLASGOWG52 4NQ,C & I MCMILLAN PROPERTY,REVIVE/BLANDS REMOVALS,"£13,000",https://www.saa.gov.uk/search/?SEARCHED=1&SEARCH_TABLE=valuation_roll_cpsplit&SEARCH_TERM=28+QUEEN+ELIZABETH+AVENUE&searchtype=listing&DISPLAY_COUNT=10&ASSESSOR_ID=&TYPE_FLAG=C&ORDER_BY=PROPERTY_ADDRESS&H_ORDER_BY=SET+DESC&R_ORDER_BY=SET+DESC&DISPLAY_MODE=FULL&type_flag=C&UARN=X98820%2F0028+%2FU002B&PPRN=67174736&ASSESSOR_IDX=12&#results,https://www.saa.gov.uk/search/?SEARCHED=1&SEARCH_TABLE=valuation_roll&SEARCH_TERM=28+QUEEN+ELIZABETH+AVENUE&searchtype=listing#results
28 QUEEN ELIZABETH AVENUE,UNIT 9,Natural Gas,47.64,X98820/0028 /U0003,WORKSHOP,UNIT 328 QUEEN ELIZABETH AVENUEHILLINGTONGLASGOWG52 4NQ,G2 INTERIORS LTD,,"£23,000",https://www.saa.gov.uk/search/?SEARCHED=1&SEARCH_TABLE=valuation_roll_cpsplit&SEARCH_TERM=28+QUEEN+ELIZABETH+AVENUE&searchtype=listing&DISPLAY_COUNT=10&ASSESSOR_ID=&TYPE_FLAG=C&ORDER_BY=PROPERTY_ADDRESS&H_ORDER_BY=SET+DESC&R_ORDER_BY=SET+DESC&DISPLAY_MODE=FULL&type_flag=C&UARN=X98820%2F0028+%2FU0003&PPRN=67164900&ASSESSOR_IDX=12&#results,https://www.saa.gov.uk/search/?SEARCHED=1&SEARCH_TABLE=valuation_roll&SEARCH_TERM=28+QUEEN+ELIZABETH+AVENUE&searchtype=listing#results
28 QUEEN ELIZABETH AVENUE,UNIT 9,Natural Gas,47.64,X98820/0028 /U0004,WORKSHOP,UNIT 428 QUEEN ELIZABETH AVENUEHILLINGTONGLASGOWG52 4NQ,RUB A DUB RECORDS,,"£28,000",https://www.saa.gov.uk/search/?SEARCHED=1&SEARCH_TABLE=valuation_roll_cpsplit&SEARCH_TERM=28+QUEEN+ELIZABETH+AVENUE&searchtype=listing&DISPLAY_COUNT=10&ASSESSOR_ID=&TYPE_FLAG=C&ORDER_BY=PROPERTY_ADDRESS&H_ORDER_BY=SET+DESC&R_ORDER_BY=SET+DESC&DISPLAY_MODE=FULL&type_flag=C&UARN=X98820%2F0028+%2FU0004&PPRN=67164064&ASSESSOR_IDX=12&#results,https://www.saa.gov.uk/search/?SEARCHED=1&SEARCH_TABLE=valuation_roll&SEARCH_TERM=28+QUEEN+ELIZABETH+AVENUE&searchtype=listing#results
28 QUEEN ELIZABETH AVENUE,UNIT 9,Natural Gas,47.64,X98820/0028 /U0005,WORKSHOP,UNIT 528 QUEEN ELIZABETH AVENUEHILLINGTONGLASGOWG52 4NQ,PREMIER WELDING (SCOTLAND) LTD,,"£18,000",https://www.saa.gov.uk/search/?SEARCHED=1&SEARCH_TABLE=valuation_roll_cpsplit&SEARCH_TERM=28+QUEEN+ELIZABETH+AVENUE&searchtype=listing&DISPLAY_COUNT=10&ASSESSOR_ID=&TYPE_FLAG=C&ORDER_BY=PROPERTY_ADDRESS&H_ORDER_BY=SET+DESC&R_ORDER_BY=SET+DESC&DISPLAY_MODE=FULL&type_flag=C&UARN=X98820%2F0028+%2FU0005&PPRN=67162975&ASSESSOR_IDX=12&#results,https://www.saa.gov.uk/search/?SEARCHED=1&SEARCH_TABLE=valuation_roll&SEARCH_TERM=28+QUEEN+ELIZABETH+AVENUE&searchtype=listing#results
28 QUEEN ELIZABETH AVENUE,UNIT 9,Natural Gas,47.64,X98820/0028 /U0006,WORKSHOP,UNIT 628 QUEEN ELIZABETH AVENUEHILLINGTONGLASGOWG52 4NQ,W W E SOLUTIONS LTD,,"£18,500",https://www.saa.gov.uk/search/?SEARCHED=1&SEARCH_TABLE=valuation_roll_cpsplit&SEARCH_TERM=28+QUEEN+ELIZABETH+AVENUE&searchtype=listing&DISPLAY_COUNT=10&ASSESSOR_ID=&TYPE_FLAG=C&ORDER_BY=PROPERTY_ADDRESS&H_ORDER_BY=SET+DESC&R_ORDER_BY=SET+DESC&DISPLAY_MODE=FULL&type_flag=C&UARN=X98820%2F0028+%2FU0006&PPRN=67163467&ASSESSOR_IDX=12&#results,https://www.saa.gov.uk/search/?SEARCHED=1&SEARCH_TABLE=valuation_roll&SEARCH_TERM=28+QUEEN+ELIZABETH+AVENUE&searchtype=listing#results
28 QUEEN ELIZABETH AVENUE,UNIT 9,Natural Gas,47.64,X98820/0028 /U0007,WORKSHOP,UNIT 728 QUEEN ELIZABETH AVENUEHILLINGTONGLASGOWG52 4NQ,ASSOCIATED PRODUCTION TOOLS LTD,,"£18,500",https://www.saa.gov.uk/search/?SEARCHED=1&SEARCH_TABLE=valuation_roll_cpsplit&SEARCH_TERM=28+QUEEN+ELIZABETH+AVENUE&searchtype=listing&DISPLAY_COUNT=10&ASSESSOR_ID=&TYPE_FLAG=C&ORDER_BY=PROPERTY_ADDRESS&H_ORDER_BY=SET+DESC&R_ORDER_BY=SET+DESC&DISPLAY_MODE=FULL&type_flag=C&UARN=X98820%2F0028+%2FU0007&PPRN=67163882&ASSESSOR_IDX=12&#results,https://www.saa.gov.uk/search/?SEARCHED=1&SEARCH_TABLE=valuation_roll&SEARCH_TERM=28+QUEEN+ELIZABETH+AVENUE&searchtype=listing#results
28 QUEEN ELIZABETH AVENUE,UNIT 9,Natural Gas,47.64,X98820/0028 /U0008,WORKSHOP,UNIT 828 QUEEN ELIZABETH AVENUEHILLINGTONGLASGOWG52 4NQ,BOSTON NETWORKS LTD,,"£16,000",https://www.saa.gov.uk/search/?SEARCHED=1&SEARCH_TABLE=valuation_roll_cpsplit&SEARCH_TERM=28+QUEEN+ELIZABETH+AVENUE&searchtype=listing&DISPLAY_COUNT=10&ASSESSOR_ID=&TYPE_FLAG=C&ORDER_BY=PROPERTY_ADDRESS&H_ORDER_BY=SET+DESC&R_ORDER_BY=SET+DESC&DISPLAY_MODE=FULL&type_flag=C&UARN=X98820%2F0028+%2FU0008&PPRN=67164919&ASSESSOR_IDX=12&#results,https://www.saa.gov.uk/search/?SEARCHED=1&SEARCH_TABLE=valuation_roll&SEARCH_TERM=28+QUEEN+ELIZABETH+AVENUE&searchtype=listing#results
28 Queen Elizabeth Avenue,Unit 1,Natural Gas,15.14,X98820/0001 /U0028,WHOLESALE WAREHOUSE,UNIT 28WILSON BUSINESS PARK1 QUEEN ELIZABETH AVENUEHILLINGTONGLASGOWG52 4NQ,IAIN WILSON PROPERTIES LTD,MER MARINE TECHNOLOGIES,"£2,800",https://www.saa.gov.uk/search/?SEARCHED=1&SEARCH_TABLE=valuation_roll_cpsplit&SEARCH_TERM=28+Queen+Elizabeth+Avenue&searchtype=listing&DISPLAY_COUNT=10&ASSESSOR_ID=&TYPE_FLAG=C&ORDER_BY=PROPERTY_ADDRESS&H_ORDER_BY=SET+DESC&R_ORDER_BY=SET+DESC&DISPLAY_MODE=FULL&type_flag=C&UARN=X98820%2F0001+%2FU0028&PPRN=67157629&ASSESSOR_IDX=12&#results,https://www.saa.gov.uk/search/?SEARCHED=1&SEARCH_TABLE=valuation_roll&SEARCH_TERM=28+Queen+Elizabeth+Avenue&searchtype=listing#results
28 Queen Elizabeth Avenue,Unit 1,Natural Gas,15.14,X98820/0028 /U0001,WORKSHOP,UNIT 128 QUEEN ELIZABETH AVENUEHILLINGTONGLASGOWG52 4NQ,APPLES CATERING,HILLINGTON TIMBER & DOORS,"£22,000",https://www.saa.gov.uk/search/?SEARCHED=1&SEARCH_TABLE=valuation_roll_cpsplit&SEARCH_TERM=28+Queen+Elizabeth+Avenue&searchtype=listing&DISPLAY_COUNT=10&ASSESSOR_ID=&TYPE_FLAG=C&ORDER_BY=PROPERTY_ADDRESS&H_ORDER_BY=SET+DESC&R_ORDER_BY=SET+DESC&DISPLAY_MODE=FULL&type_flag=C&UARN=X98820%2F0028+%2FU0001&PPRN=67164889&ASSESSOR_IDX=12&#results,https://www.saa.gov.uk/search/?SEARCHED=1&SEARCH_TABLE=valuation_roll&SEARCH_TERM=28+Queen+Elizabeth+Avenue&searchtype=listing#results
28 Queen Elizabeth Avenue,Unit 1,Natural Gas,15.14,X98820/0028 /U002A,WORKSHOP,UNIT 2A28 QUEEN ELIZABETH AVENUEHILLINGTONGLASGOWG52 4NQ,C & I MCMILLAN PROPERTY,MCMILLANS CHEMDRY,"£11,500",https://www.saa.gov.uk/search/?SEARCHED=1&SEARCH_TABLE=valuation_roll_cpsplit&SEARCH_TERM=28+Queen+Elizabeth+Avenue&searchtype=listing&DISPLAY_COUNT=10&ASSESSOR_ID=&TYPE_FLAG=C&ORDER_BY=PROPERTY_ADDRESS&H_ORDER_BY=SET+DESC&R_ORDER_BY=SET+DESC&DISPLAY_MODE=FULL&type_flag=C&UARN=X98820%2F0028+%2FU002A&PPRN=67164897&ASSESSOR_IDX=12&#results,https://www.saa.gov.uk/search/?SEARCHED=1&SEARCH_TABLE=valuation_roll&SEARCH_TERM=28+Queen+Elizabeth+Avenue&searchtype=listing#results
28 Queen Elizabeth Avenue,Unit 1,Natural Gas,15.14,X98820/0028 /U002B,WORKSHOP,UNIT 2B28 QUEEN ELIZABETH AVENUEHILLINGTONGLASGOWG52 4NQ,C & I MCMILLAN PROPERTY,REVIVE/BLANDS REMOVALS,"£13,000",https://www.saa.gov.uk/search/?SEARCHED=1&SEARCH_TABLE=valuation_roll_cpsplit&SEARCH_TERM=28+Queen+Elizabeth+Avenue&searchtype=listing&DISPLAY_COUNT=10&ASSESSOR_ID=&TYPE_FLAG=C&ORDER_BY=PROPERTY_ADDRESS&H_ORDER_BY=SET+DESC&R_ORDER_BY=SET+DESC&DISPLAY_MODE=FULL&type_flag=C&UARN=X98820%2F0028+%2FU002B&PPRN=67174736&ASSESSOR_IDX=12&#results,https://www.saa.gov.uk/search/?SEARCHED=1&SEARCH_TABLE=valuation_roll&SEARCH_TERM=28+Queen+Elizabeth+Avenue&searchtype=listing#results
28 Queen Elizabeth Avenue,Unit 1,Natural Gas,15.14,X98820/0028 /U0003,WORKSHOP,UNIT 328 QUEEN ELIZABETH AVENUEHILLINGTONGLASGOWG52 4NQ,G2 INTERIORS LTD,,"£23,000",https://www.saa.gov.uk/search/?SEARCHED=1&SEARCH_TABLE=valuation_roll_cpsplit&SEARCH_TERM=28+Queen+Elizabeth+Avenue&searchtype=listing&DISPLAY_COUNT=10&ASSESSOR_ID=&TYPE_FLAG=C&ORDER_BY=PROPERTY_ADDRESS&H_ORDER_BY=SET+DESC&R_ORDER_BY=SET+DESC&DISPLAY_MODE=FULL&type_flag=C&UARN=X98820%2F0028+%2FU0003&PPRN=67164900&ASSESSOR_IDX=12&#results,https://www.saa.gov.uk/search/?SEARCHED=1&SEARCH_TABLE=valuation_roll&SEARCH_TERM=28+Queen+Elizabeth+Avenue&searchtype=listing#results
28 Queen Elizabeth Avenue,Unit 1,Natural Gas,15.14,X98820/0028 /U0004,WORKSHOP,UNIT 428 QUEEN ELIZABETH AVENUEHILLINGTONGLASGOWG52 4NQ,RUB A DUB RECORDS,,"£28,000",https://www.saa.gov.uk/search/?SEARCHED=1&SEARCH_TABLE=valuation_roll_cpsplit&SEARCH_TERM=28+Queen+Elizabeth+Avenue&searchtype=listing&DISPLAY_COUNT=10&ASSESSOR_ID=&TYPE_FLAG=C&ORDER_BY=PROPERTY_ADDRESS&H_ORDER_BY=SET+DESC&R_ORDER_BY=SET+DESC&DISPLAY_MODE=FULL&type_flag=C&UARN=X98820%2F0028+%2FU0004&PPRN=67164064&ASSESSOR_IDX=12&#results,https://www.saa.gov.uk/search/?SEARCHED=1&SEARCH_TABLE=valuation_roll&SEARCH_TERM=28+Queen+Elizabeth+Avenue&searchtype=listing#results
28 Queen Elizabeth Avenue,Unit 1,Natural Gas,15.14,X98820/0028 /U0005,WORKSHOP,UNIT 528 QUEEN ELIZABETH AVENUEHILLINGTONGLASGOWG52 4NQ,PREMIER WELDING (SCOTLAND) LTD,,"£18,000",https://www.saa.gov.uk/search/?SEARCHED=1&SEARCH_TABLE=valuation_roll_cpsplit&SEARCH_TERM=28+Queen+Elizabeth+Avenue&searchtype=listing&DISPLAY_COUNT=10&ASSESSOR_ID=&TYPE_FLAG=C&ORDER_BY=PROPERTY_ADDRESS&H_ORDER_BY=SET+DESC&R_ORDER_BY=SET+DESC&DISPLAY_MODE=FULL&type_flag=C&UARN=X98820%2F0028+%2FU0005&PPRN=67162975&ASSESSOR_IDX=12&#results,https://www.saa.gov.uk/search/?SEARCHED=1&SEARCH_TABLE=valuation_roll&SEARCH_TERM=28+Queen+Elizabeth+Avenue&searchtype=listing#results
28 Queen Elizabeth Avenue,Unit 1,Natural Gas,15.14,X98820/0028 /U0006,WORKSHOP,UNIT 628 QUEEN ELIZABETH AVENUEHILLINGTONGLASGOWG52 4NQ,W W E SOLUTIONS LTD,,"£18,500",https://www.saa.gov.uk/search/?SEARCHED=1&SEARCH_TABLE=valuation_roll_cpsplit&SEARCH_TERM=28+Queen+Elizabeth+Avenue&searchtype=listing&DISPLAY_COUNT=10&ASSESSOR_ID=&TYPE_FLAG=C&ORDER_BY=PROPERTY_ADDRESS&H_ORDER_BY=SET+DESC&R_ORDER_BY=SET+DESC&DISPLAY_MODE=FULL&type_flag=C&UARN=X98820%2F0028+%2FU0006&PPRN=67163467&ASSESSOR_IDX=12&#results,https://www.saa.gov.uk/search/?SEARCHED=1&SEARCH_TABLE=valuation_roll&SEARCH_TERM=28+Queen+Elizabeth+Avenue&searchtype=listing#results
28 Queen Elizabeth Avenue,Unit 1,Natural Gas,15.14,X98820/0028 /U0007,WORKSHOP,UNIT 728 QUEEN ELIZABETH AVENUEHILLINGTONGLASGOWG52 4NQ,ASSOCIATED PRODUCTION TOOLS LTD,,"£18,500",https://www.saa.gov.uk/search/?SEARCHED=1&SEARCH_TABLE=valuation_roll_cpsplit&SEARCH_TERM=28+Queen+Elizabeth+Avenue&searchtype=listing&DISPLAY_COUNT=10&ASSESSOR_ID=&TYPE_FLAG=C&ORDER_BY=PROPERTY_ADDRESS&H_ORDER_BY=SET+DESC&R_ORDER_BY=SET+DESC&DISPLAY_MODE=FULL&type_flag=C&UARN=X98820%2F0028+%2FU0007&PPRN=67163882&ASSESSOR_IDX=12&#results,https://www.saa.gov.uk/search/?SEARCHED=1&SEARCH_TABLE=valuation_roll&SEARCH_TERM=28+Queen+Elizabeth+Avenue&searchtype=listing#results
28 Queen Elizabeth Avenue,Unit 1,Natural Gas,15.14,X98820/0028 /U0008,WORKSHOP,UNIT 828 QUEEN ELIZABETH AVENUEHILLINGTONGLASGOWG52 4NQ,BOSTON NETWORKS LTD,,"£16,000",https://www.saa.gov.uk/search/?SEARCHED=1&SEARCH_TABLE=valuation_roll_cpsplit&SEARCH_TERM=28+Queen+Elizabeth+Avenue&searchtype=listing&DISPLAY_COUNT=10&ASSESSOR_ID=&TYPE_FLAG=C&ORDER_BY=PROPERTY_ADDRESS&H_ORDER_BY=SET+DESC&R_ORDER_BY=SET+DESC&DISPLAY_MODE=FULL&type_flag=C&UARN=X98820%2F0028+%2FU0008&PPRN=67164919&ASSESSOR_IDX=12&#results,https://www.saa.gov.uk/search/?SEARCHED=1&SEARCH_TABLE=valuation_roll&SEARCH_TERM=28+Queen+Elizabeth+Avenue&searchtype=listing#results
Queen Elizabeth Avenue,42,Natural Gas,85.15,X98820/0001 /00005,WORKSHOP,NEXUS HOUSE WILSON B P1 QUEEN ELIZABETH AVENUEHILLINGTONGLASGOWG52 4NQ,NEXUS PACKAGING LTD,,"£355,000",https://www.saa.gov.uk/search/?SEARCHED=1&SEARCH_TABLE=valuation_roll_cpsplit&SEARCH_TERM=Queen+Elizabeth+Avenue&searchtype=listing&DISPLAY_COUNT=10&ASSESSOR_ID=&TYPE_FLAG=C&ORDER_BY=PROPERTY_ADDRESS&H_ORDER_BY=SET+DESC&R_ORDER_BY=SET+DESC&DISPLAY_MODE=FULL&type_flag=C&UARN=X98820%2F0001+%2F00005&PPRN=67168833&ASSESSOR_IDX=12&#results,https://www.saa.gov.uk/search/?SEARCHED=1&SEARCH_TABLE=valuation_roll&SEARCH_TERM=Queen+Elizabeth+Avenue&searchtype=listing#results
Queen Elizabeth Avenue,42,Natural Gas,85.15,X98820/0001 /00024,OFFICE,UNIT 24B WILSON B PARK1 QUEEN ELIZABETH AVENUEHILLINGTONGLASGOWG52 4NQ,IAIN WILSON PROPERTIES LTD,CHUN HO YU,"£4,900",https://www.saa.gov.uk/search/?SEARCHED=1&SEARCH_TABLE=valuation_roll_cpsplit&SEARCH_TERM=Queen+Elizabeth+Avenue&searchtype=listing&DISPLAY_COUNT=10&ASSESSOR_ID=&TYPE_FLAG=C&ORDER_BY=PROPERTY_ADDRESS&H_ORDER_BY=SET+DESC&R_ORDER_BY=SET+DESC&DISPLAY_MODE=FULL&type_flag=C&UARN=X98820%2F0001+%2F00024&PPRN=67252664&ASSESSOR_IDX=12&#results,https://www.saa.gov.uk/search/?SEARCHED=1&SEARCH_TABLE=valuation_roll&SEARCH_TERM=Queen+Elizabeth+Avenue&searchtype=listing#results
Queen Elizabeth Avenue,42,Natural Gas,85.15,X98820/0001 /U0010,STUDIO,UNIT 10WILSON BUSINESS PARK1 QUEEN ELIZABETH AVENUEHILLINGTONGLASGOWG52 4NQ,IAIN WILSON PROPERTIES LTD,SWAN GRACE PILATES (HILLINGTON) LTD,"£5,300",https://www.saa.gov.uk/search/?SEARCHED=1&SEARCH_TABLE=valuation_roll_cpsplit&SEARCH_TERM=Queen+Elizabeth+Avenue&searchtype=listing&DISPLAY_COUNT=10&ASSESSOR_ID=&TYPE_FLAG=C&ORDER_BY=PROPERTY_ADDRESS&H_ORDER_BY=SET+DESC&R_ORDER_BY=SET+DESC&DISPLAY_MODE=FULL&type_flag=C&UARN=X98820%2F0001+%2FU0010&PPRN=67153356&ASSESSOR_IDX=12&#results,https://www.saa.gov.uk/search/?SEARCHED=1&SEARCH_TABLE=valuation_roll&SEARCH_TERM=Queen+Elizabeth+Avenue&searchtype=listing#results
Queen Elizabeth Avenue,42,Natural Gas,85.15,X98820/0001 /U010A,SALON,UNIT 10AWILSON BUSINESS PARK1 QUEEN ELIZABETH AVENUEHILLINGTONGLASGOWG52 4NQ,IAIN WILSON PROPERTIES LTD,LJ BEAUTY,£800,https://www.saa.gov.uk/search/?SEARCHED=1&SEARCH_TABLE=valuation_roll_cpsplit&SEARCH_TERM=Queen+Elizabeth+Avenue&searchtype=listing&DISPLAY_COUNT=10&ASSESSOR_ID=&TYPE_FLAG=C&ORDER_BY=PROPERTY_ADDRESS&H_ORDER_BY=SET+DESC&R_ORDER_BY=SET+DESC&DISPLAY_MODE=FULL&type_flag=C&UARN=X98820%2F0001+%2FU010A&PPRN=67153437&ASSESSOR_IDX=12&#results,https://www.saa.gov.uk/search/?SEARCHED=1&SEARCH_TABLE=valuation_roll&SEARCH_TERM=Queen+Elizabeth+Avenue&searchtype=listing#results
Queen Elizabeth Avenue,42,Natural Gas,85.15,X98820/0001 /U010B,SALON,UNIT 10BWILSON BUSINESS PARK1 QUEEN ELIZABETH AVENUEHILLINGTONGLASGOWG52 4NQ,IAIN WILSON PROPERTIES LTD,NO 10,"£1,700",https://www.saa.gov.uk/search/?SEARCHED=1&SEARCH_TABLE=valuation_roll_cpsplit&SEARCH_TERM=Queen+Elizabeth+Avenue&searchtype=listing&DISPLAY_COUNT=10&ASSESSOR_ID=&TYPE_FLAG=C&ORDER_BY=PROPERTY_ADDRESS&H_ORDER_BY=SET+DESC&R_ORDER_BY=SET+DESC&DISPLAY_MODE=FULL&type_flag=C&UARN=X98820%2F0001+%2FU010B&PPRN=67261612&ASSESSOR_IDX=12&#results,https://www.saa.gov.uk/search/?SEARCHED=1&SEARCH_TABLE=valuation_roll&SEARCH_TERM=Queen+Elizabeth+Avenue&searchtype=listing#results
Queen Elizabeth Avenue,42,Natural Gas,85.15,X98820/0001 /U010C,SALON,UNIT 10CWILSON BUSINESS PARK1 QUEEN ELIZABETH AVENUEHILLINGTONGLASGOWG52 4NQ,IAIN WILSON PROPERTIES LTD,ALPHA OMEGA MASSAGE,£700,https://www.saa.gov.uk/search/?SEARCHED=1&SEARCH_TABLE=valuation_roll_cpsplit&SEARCH_TERM=Queen+Elizabeth+Avenue&searchtype=listing&DISPLAY_COUNT=10&ASSESSOR_ID=&TYPE_FLAG=C&ORDER_BY=PROPERTY_ADDRESS&H_ORDER_BY=SET+DESC&R_ORDER_BY=SET+DESC&DISPLAY_MODE=FULL&type_flag=C&UARN=X98820%2F0001+%2FU010C&PPRN=67261620&ASSESSOR_IDX=12&#results,https://www.saa.gov.uk/search/?SEARCHED=1&SEARCH_TABLE=valuation_roll&SEARCH_TERM=Queen+Elizabeth+Avenue&searchtype=listing#results
Queen Elizabeth Avenue,42,Natural Gas,85.15,X98820/0001 /U010D,SALON,UNIT 10DWILSON BUSINESS PARK1 QUEEN ELIZABETH AVENUEHILLINGTONGLASGOWG52 4NQ,IAIN WILSON PROPERTIES LTD,SKIN ESSENCE LTD,"£1,700",https://www.saa.gov.uk/search/?SEARCHED=1&SEARCH_TABLE=valuation_roll_cpsplit&SEARCH_TERM=Queen+Elizabeth+Avenue&searchtype=listing&DISPLAY_COUNT=10&ASSESSOR_ID=&TYPE_FLAG=C&ORDER_BY=PROPERTY_ADDRESS&H_ORDER_BY=SET+DESC&R_ORDER_BY=SET+DESC&DISPLAY_MODE=FULL&type_flag=C&UARN=X98820%2F0001+%2FU010D&PPRN=67261639&ASSESSOR_IDX=12&#results,https://www.saa.gov.uk/search/?SEARCHED=1&SEARCH_TABLE=valuation_roll&SEARCH_TERM=Queen+Elizabeth+Avenue&searchtype=listing#results
Queen Elizabeth Avenue,42,Natural Gas,85.15,X98820/0001 /U011A,WHOLESALE WAREHOUSE,UNIT 11AWILSON BUSINESS PARK1 QUEEN ELIZABETH AVENUEHILLINGTONGLASGOWG52 4NQ,IAIN WILSON PROPERTIES LTD,NAMI SURGICAL LTD,"£31,000",https://www.saa.gov.uk/search/?SEARCHED=1&SEARCH_TABLE=valuation_roll_cpsplit&SEARCH_TERM=Queen+Elizabeth+Avenue&searchtype=listing&DISPLAY_COUNT=10&ASSESSOR_ID=&TYPE_FLAG=C&ORDER_BY=PROPERTY_ADDRESS&H_ORDER_BY=SET+DESC&R_ORDER_BY=SET+DESC&DISPLAY_MODE=FULL&type_flag=C&UARN=X98820%2F0001+%2FU011A&PPRN=67153364&ASSESSOR_IDX=12&#results,https://www.saa.gov.uk/search/?SEARCHED=1&SEARCH_TABLE=valuation_roll&SEARCH_TERM=Queen+Elizabeth+Avenue&searchtype=listing#results
Queen Elizabeth Avenue,42,Natural Gas,85.15,X98820/0001 /U011B,WAREHOUSE ETC,UNIT 11BWILSON BUSINESS PARK1 QUEEN ELIZABETH AVENUEHILLINGTONGLASGOWG52 4NQ,IAIN WILSON PROPERTIES LTD,NAMI SURGICAL LTD,"£36,000",https://www.saa.gov.uk/search/?SEARCHED=1&SEARCH_TABLE=valuation_roll_cpsplit&SEARCH_TERM=Queen+Elizabeth+Avenue&searchtype=listing&DISPLAY_COUNT=10&ASSESSOR_ID=&TYPE_FLAG=C&ORDER_BY=PROPERTY_ADDRESS&H_ORDER_BY=SET+DESC&R_ORDER_BY=SET+DESC&DISPLAY_MODE=FULL&type_flag=C&UARN=X98820%2F0001+%2FU011B&PPRN=67254047&ASSESSOR_IDX=12&#results,https://www.saa.gov.uk/search/?SEARCHED=1&SEARCH_TABLE=valuation_roll&SEARCH_TERM=Queen+Elizabeth+Avenue&searchtype=listing#results
Queen Elizabeth Avenue,42,Natural Gas,85.15,X98820/0001 /U0012,OFFICE ETC,UNIT 12WILSON BUSINESS PARK1 QUEEN ELIZABETH AVENUEHILLINGTONGLASGOWG52 4NQ,IAIN WILSON PROPERTIES LTD,BREVITT-RIEKER LTD,"£7,100",https://www.saa.gov.uk/search/?SEARCHED=1&SEARCH_TABLE=valuation_roll_cpsplit&SEARCH_TERM=Queen+Elizabeth+Avenue&searchtype=listing&DISPLAY_COUNT=10&ASSESSOR_ID=&TYPE_FLAG=C&ORDER_BY=PROPERTY_ADDRESS&H_ORDER_BY=SET+DESC&R_ORDER_BY=SET+DESC&DISPLAY_MODE=FULL&type_flag=C&UARN=X98820%2F0001+%2FU0012&PPRN=67153372&ASSESSOR_IDX=12&#results,https://www.saa.gov.uk/search/?SEARCHED=1&SEARCH_TABLE=valuation_roll&SEARCH_TERM=Queen+Elizabeth+Avenue&searchtype=listing#results
Buccleuch Avenue,Block 3a Part,Natural Gas,98.94,X97580/0001,WORKSHOP,1 BUCCLEUCH AVENUEHILLINGTONGLASGOWG52 4NR,BARR & WRAY,,"£123,000",https://www.saa.gov.uk/search/?SEARCHED=1&SEARCH_TABLE=valuation_roll_cpsplit&SEARCH_TERM=Buccleuch+Avenue&searchtype=listing&DISPLAY_COUNT=10&ASSESSOR_ID=&TYPE_FLAG=C&ORDER_BY=PROPERTY_ADDRESS&H_ORDER_BY=SET+DESC&R_ORDER_BY=SET+DESC&DISPLAY_MODE=FULL&type_flag=C&UARN=X97580%2F0001&PPRN=67172954&ASSESSOR_IDX=12&#results,https://www.saa.gov.uk/search/?SEARCHED=1&SEARCH_TABLE=valuation_roll&SEARCH_TERM=Buccleuch+Avenue&searchtype=listing#results
Buccleuch Avenue,Block 3a Part,Natural Gas,98.94,X97580/0002,WORKSHOP,2 BUCCLEUCH AVENUEHILLINGTONGLASGOWG52 4NR,ALEXANDER WINES,,"£73,000",https://www.saa.gov.uk/search/?SEARCHED=1&SEARCH_TABLE=valuation_roll_cpsplit&SEARCH_TERM=Buccleuch+Avenue&searchtype=listing&DISPLAY_COUNT=10&ASSESSOR_ID=&TYPE_FLAG=C&ORDER_BY=PROPERTY_ADDRESS&H_ORDER_BY=SET+DESC&R_ORDER_BY=SET+DESC&DISPLAY_MODE=FULL&type_flag=C&UARN=X97580%2F0002&PPRN=67173489&ASSESSOR_IDX=12&#results,https://www.saa.gov.uk/search/?SEARCHED=1&SEARCH_TABLE=valuation_roll&SEARCH_TERM=Buccleuch+Avenue&searchtype=listing#results
Buccleuch Avenue,Block 3a Part,Natural Gas,98.94,X97580/0003,WORKSHOP,3 BUCCLEUCH AVENUEHILLINGTONGLASGOWG52 4NR,HPF ENERGY SERVICES LTD,,"£125,000",https://www.saa.gov.uk/search/?SEARCHED=1&SEARCH_TABLE=valuation_roll_cpsplit&SEARCH_TERM=Buccleuch+Avenue&searchtype=listing&DISPLAY_COUNT=10&ASSESSOR_ID=&TYPE_FLAG=C&ORDER_BY=PROPERTY_ADDRESS&H_ORDER_BY=SET+DESC&R_ORDER_BY=SET+DESC&DISPLAY_MODE=FULL&type_flag=C&UARN=X97580%2F0003&PPRN=67173497&ASSESSOR_IDX=12&#results,https://www.saa.gov.uk/search/?SEARCHED=1&SEARCH_TABLE=valuation_roll&SEARCH_TERM=Buccleuch+Avenue&searchtype=listing#results
Buccleuch Avenue,Block 3a Part,Natural Gas,98.94,X97580/0004,WORKSHOP,4 BUCCLEUCH AVENUEHILLINGTONGLASGOWG52 4NR,@SIPP (PENSION TRUSTEES) LTD,ERIKS INDUSTRIAL SERVICES LTD,"£69,000",https://www.saa.gov.uk/search/?SEARCHED=1&SEARCH_TABLE=valuation_roll_cpsplit&SEARCH_TERM=Buccleuch+Avenue&searchtype=listing&DISPLAY_COUNT=10&ASSESSOR_ID=&TYPE_FLAG=C&ORDER_BY=PROPERTY_ADDRESS&H_ORDER_BY=SET+DESC&R_ORDER_BY=SET+DESC&DISPLAY_MODE=FULL&type_flag=C&UARN=X97580%2F0004&PPRN=67172962&ASSESSOR_IDX=12&#results,https://www.saa.gov.uk/search/?SEARCHED=1&SEARCH_TABLE=valuation_roll&SEARCH_TERM=Buccleuch+Avenue&searchtype=listing#results
Buccleuch Avenue,Block 3a Part,Natural Gas,98.94,X97580/0007,WAREHOUSE ETC,UNIT 1017 BUCCLEUCH AVENUEHILLINGTONGLASGOWG52 4NR,AVIEMORE TRUSTEE LTD AS TRUSTEE OF AVIEMORE HILLINGTON PARK UNIT TRUST,APP WHOLESALE LTD,"£84,000",https://www.saa.gov.uk/search/?SEARCHED=1&SEARCH_TABLE=valuation_roll_cpsplit&SEARCH_TERM=Buccleuch+Avenue&searchtype=listing&DISPLAY_COUNT=10&ASSESSOR_ID=&TYPE_FLAG=C&ORDER_BY=PROPERTY_ADDRESS&H_ORDER_BY=SET+DESC&R_ORDER_BY=SET+DESC&DISPLAY_MODE=FULL&type_flag=C&UARN=X97580%2F0007&PPRN=67251714&ASSESSOR_IDX=12&#results,https://www.saa.gov.uk/search/?SEARCHED=1&SEARCH_TABLE=valuation_roll&SEARCH_TERM=Buccleuch+Avenue&searchtype=listing#results
Buccleuch Avenue,Block 3a Part,Natural Gas,98.94,X97580/0009,WAREHOUSE ETC,UNIT 1029 BUCCLEUCH AVENUEHILLINGTONGLASGOWG52 4NR,AVIEMORE TRUSTEE LTD AS TRUSTEE OF AVIEMORE HILLINGTON PARK UNIT TRUST,SCOPE BATHROOM INTERIORS LTD,"£77,000",https://www.saa.gov.uk/search/?SEARCHED=1&SEARCH_TABLE=valuation_roll_cpsplit&SEARCH_TERM=Buccleuch+Avenue&searchtype=listing&DISPLAY_COUNT=10&ASSESSOR_ID=&TYPE_FLAG=C&ORDER_BY=PROPERTY_ADDRESS&H_ORDER_BY=SET+DESC&R_ORDER_BY=SET+DESC&DISPLAY_MODE=FULL&type_flag=C&UARN=X97580%2F0009&PPRN=67254462&ASSESSOR_IDX=12&#results,https://www.saa.gov.uk/search/?SEARCHED=1&SEARCH_TABLE=valuation_roll&SEARCH_TERM=Buccleuch+Avenue&searchtype=listing#results
Buccleuch Avenue,Block 3a Part,Natural Gas,98.94,X97580/0011,WAREHOUSE ETC,UNIT 10311 BUCCLEUCH AVENUEHILLINGTONGLASGOWG52 4NR,AVIEMORE TRUSTEE LTD AS TRUSTEE OF AVIEMORE HILLINGTON PARK UNIT TRUST,SWARCO UK LTD,"£77,500",https://www.saa.gov.uk/search/?SEARCHED=1&SEARCH_TABLE=valuation_roll_cpsplit&SEARCH_TERM=Buccleuch+Avenue&searchtype=listing&DISPLAY_COUNT=10&ASSESSOR_ID=&TYPE_FLAG=C&ORDER_BY=PROPERTY_ADDRESS&H_ORDER_BY=SET+DESC&R_ORDER_BY=SET+DESC&DISPLAY_MODE=FULL&type_flag=C&UARN=X97580%2F0011&PPRN=67254470&ASSESSOR_IDX=12&#results,https://www.saa.gov.uk/search/?SEARCHED=1&SEARCH_TABLE=valuation_roll&SEARCH_TERM=Buccleuch+Avenue&searchtype=listing#results
Buccleuch Avenue,Block 3a Part,Natural Gas,98.94,X97580/0012,WAREHOUSE,UNIT 20112 BUCCLEUCH AVENUEHILLINGTONGLASGOWG52 4NR,AVIEMORE TRUSTEE LTD AS TRUSTEE OF AVIEMORE HILLINGTON PARK UNIT TRUST,,"£66,000",https://www.saa.gov.uk/search/?SEARCHED=1&SEARCH_TABLE=valuation_roll_cpsplit&SEARCH_TERM=Buccleuch+Avenue&searchtype=listing&DISPLAY_COUNT=10&ASSESSOR_ID=&TYPE_FLAG=C&ORDER_BY=PROPERTY_ADDRESS&H_ORDER_BY=SET+DESC&R_ORDER_BY=SET+DESC&DISPLAY_MODE=FULL&type_flag=C&UARN=X97580%2F0012&PPRN=67260713&ASSESSOR_IDX=12&#results,https://www.saa.gov.uk/search/?SEARCHED=1&SEARCH_TABLE=valuation_roll&SEARCH_TERM=Buccleuch+Avenue&searchtype=listing#results
Buccleuch Avenue,Block 3a Part,Natural Gas,98.94,X97580/0014,WORKSHOP,UNIT 20214 BUCCLEUCH AVENUEHILLINGTONGLASGOWG52 4NR,AVIEMORE TRUSTEE LTD AS TRUSTEE OF AVIEMORE HILLINGTON PARK UNIT TRUST,GOLF PRINCIPLES LTD,"£32,500",https://www.saa.gov.uk/search/?SEARCHED=1&SEARCH_TABLE=valuation_roll_cpsplit&SEARCH_TERM=Buccleuch+Avenue&searchtype=listing&DISPLAY_COUNT=10&ASSESSOR_ID=&TYPE_FLAG=C&ORDER_BY=PROPERTY_ADDRESS&H_ORDER_BY=SET+DESC&R_ORDER_BY=SET+DESC&DISPLAY_MODE=FULL&type_flag=C&UARN=X97580%2F0014&PPRN=67251587&ASSESSOR_IDX=12&#results,https://www.saa.gov.uk/search/?SEARCHED=1&SEARCH_TABLE=valuation_roll&SEARCH_TERM=Buccleuch+Avenue&searchtype=listing#results
Buccleuch Avenue,Block 3a Part,Natural Gas,98.94,X97580/0015,WAREHOUSE,UNIT 10415 BUCCLEUCH AVENUEHILLINGTONGLASGOWG52 4NR,AVIEMORE TRUSTEE LTD AS TRUSTEE OF AVIEMORE HILLINGTON PARK UNIT TRUST,KAYFOAM,"£132,000",https://www.saa.gov.uk/search/?SEARCHED=1&SEARCH_TABLE=valuation_roll_cpsplit&SEARCH_TERM=Buccleuch+Avenue&searchtype=listing&DISPLAY_COUNT=10&ASSESSOR_ID=&TYPE_FLAG=C&ORDER_BY=PROPERTY_ADDRESS&H_ORDER_BY=SET+DESC&R_ORDER_BY=SET+DESC&DISPLAY_MODE=FULL&type_flag=C&UARN=X97580%2F0015&PPRN=67249663&ASSESSOR_IDX=12&#results,https://www.saa.gov.uk/search/?SEARCHED=1&SEARCH_TABLE=valuation_roll&SEARCH_TERM=Buccleuch+Avenue&searchtype=listing#results
60 NASMYTH ROAD SOUTH,BLOCK 130 - UNIT 1,Natural Gas,116.94,M477500060,STORE,60 NASMYTH ROAD SOUTHGLASGOWG52 4RE,AVIEMORE HILLINGTON GP LTD,SECRETARY OF STATE FOR DEFENCE PER MET OFFICE,"£16,900",https://www.saa.gov.uk/search/?SEARCHED=1&SEARCH_TABLE=valuation_roll_cpsplit&SEARCH_TERM=60+NASMYTH+ROAD+SOUTH&searchtype=listing&DISPLAY_COUNT=10&ASSESSOR_ID=&TYPE_FLAG=C&ORDER_BY=PROPERTY_ADDRESS&H_ORDER_BY=SET+DESC&R_ORDER_BY=SET+DESC&DISPLAY_MODE=FULL&type_flag=C&UARN=M477500060&PPRN=47233567&ASSESSOR_IDX=6&#results,https://www.saa.gov.uk/search/?SEARCHED=1&SEARCH_TABLE=valuation_roll&SEARCH_TERM=60+NASMYTH+ROAD+SOUTH&searchtype=listing#results
40 NASMYTH ROAD SOUTH,BLOCK 132 - UNIT 5,Natural Gas,68.01,M477500040,WORKSHOP,40 NASMYTH ROAD SOUTHGLASGOWG52 4RE,AVIEMORE HILLINGTON GP LTD,IAIN WATSON T/A STRATHCLYDE AUTO TINTS,"£7,300",https://www.saa.gov.uk/search/?SEARCHED=1&SEARCH_TABLE=valuation_roll_cpsplit&SEARCH_TERM=40+NASMYTH+ROAD+SOUTH&searchtype=listing&DISPLAY_COUNT=10&ASSESSOR_ID=&TYPE_FLAG=C&ORDER_BY=PROPERTY_ADDRESS&H_ORDER_BY=SET+DESC&R_ORDER_BY=SET+DESC&DISPLAY_MODE=FULL&type_flag=C&UARN=M477500040&PPRN=47233613&ASSESSOR_IDX=6&#results,https://www.saa.gov.uk/search/?SEARCHED=1&SEARCH_TABLE=valuation_roll&SEARCH_TERM=40+NASMYTH+ROAD+SOUTH&searchtype=listing#results
50 NASMYTH ROAD SOUTH,BLOCK 130 - UNIT 6,Natural Gas,71.18,M477500050,WORKSHOP,50 NASMYTH ROAD SOUTHGLASGOWG52 4RE,AVIEMORE HILLINGTON GP LTD,HILLINGTON TYRE SERVICES LIMITED,"£14,600",https://www.saa.gov.uk/search/?SEARCHED=1&SEARCH_TABLE=valuation_roll_cpsplit&SEARCH_TERM=50+NASMYTH+ROAD+SOUTH&searchtype=listing&DISPLAY_COUNT=10&ASSESSOR_ID=&TYPE_FLAG=C&ORDER_BY=PROPERTY_ADDRESS&H_ORDER_BY=SET+DESC&R_ORDER_BY=SET+DESC&DISPLAY_MODE=FULL&type_flag=C&UARN=M477500050&PPRN=47348011&ASSESSOR_IDX=6&#results,https://www.saa.gov.uk/search/?SEARCHED=1&SEARCH_TABLE=valuation_roll&SEARCH_TERM=50+NASMYTH+ROAD+SOUTH&searchtype=listing#results
38 NASMYTH ROAD SOUTH,BLOCK 132 - UNIT 6,Natural Gas,82.95,M477500038,WORKSHOP,38 NASMYTH ROAD SOUTHGLASGOWG52 4RE,AVIEMORE HILLINGTON GP LTD,GREIG AVINOU LTD,"£8,600",https://www.saa.gov.uk/search/?SEARCHED=1&SEARCH_TABLE=valuation_roll_cpsplit&SEARCH_TERM=38+NASMYTH+ROAD+SOUTH&searchtype=listing&DISPLAY_COUNT=10&ASSESSOR_ID=&TYPE_FLAG=C&ORDER_BY=PROPERTY_ADDRESS&H_ORDER_BY=SET+DESC&R_ORDER_BY=SET+DESC&DISPLAY_MODE=FULL&type_flag=C&UARN=M477500038&PPRN=47233877&ASSESSOR_IDX=6&#results,https://www.saa.gov.uk/search/?SEARCHED=1&SEARCH_TABLE=valuation_roll&SEARCH_TERM=38+NASMYTH+ROAD+SOUTH&searchtype=listing#results
48 NASMYTH ROAD SOUTH,BLOCK 132 - UNIT 1,Natural Gas,69.2,M477500048,STORE,48 NASMYTH ROAD SOUTHGLASGOWG52 4RE,AVIEMORE HILLINGTON GP LTD,ECCLES BOLTING SOLUTIONS LTD,"£8,100",https://www.saa.gov.uk/search/?SEARCHED=1&SEARCH_TABLE=valuation_roll_cpsplit&SEARCH_TERM=48+NASMYTH+ROAD+SOUTH&searchtype=listing&DISPLAY_COUNT=10&ASSESSOR_ID=&TYPE_FLAG=C&ORDER_BY=PROPERTY_ADDRESS&H_ORDER_BY=SET+DESC&R_ORDER_BY=SET+DESC&DISPLAY_MODE=FULL&type_flag=C&UARN=M477500048&PPRN=47233869&ASSESSOR_IDX=6&#results,https://www.saa.gov.uk/search/?SEARCHED=1&SEARCH_TABLE=valuation_roll&SEARCH_TERM=48+NASMYTH+ROAD+SOUTH&searchtype=listing#results
44 NASMYTH ROAD SOUTH,BLOCK 132 - UNIT 3,Natural Gas,23.37,M477500044,WORKSHOP,UNITS 3 & 844 NASMYTH ROAD SOUTHGLASGOWG52 4RE,AVIEMORE HILLINGTON GP LTD,DOMINIQUE HOGAN T/A OPIES EMPORIUM,"£14,600",https://www.saa.gov.uk/search/?SEARCHED=1&SEARCH_TABLE=valuation_roll_cpsplit&SEARCH_TERM=44+NASMYTH+ROAD+SOUTH&searchtype=listing&DISPLAY_COUNT=10&ASSESSOR_ID=&TYPE_FLAG=C&ORDER_BY=PROPERTY_ADDRESS&H_ORDER_BY=SET+DESC&R_ORDER_BY=SET+DESC&DISPLAY_MODE=FULL&type_flag=C&UARN=M477500044&PPRN=47233923&ASSESSOR_IDX=6&#results,https://www.saa.gov.uk/search/?SEARCHED=1&SEARCH_TABLE=valuation_roll&SEARCH_TERM=44+NASMYTH+ROAD+SOUTH&searchtype=listing#results
56 NASMYTH ROAD SOUTH,BLOCK 130 - UNIT 3,Natural Gas,60.06,M477500056,STORE,56 NASMYTH ROAD SOUTHGLASGOWG52 4RE,AVIEMORE HILLINGTON GP LTD,ST KILLIANS CANDLES (UK) LIMITED,"£14,500",https://www.saa.gov.uk/search/?SEARCHED=1&SEARCH_TABLE=valuation_roll_cpsplit&SEARCH_TERM=56+NASMYTH+ROAD+SOUTH&searchtype=listing&DISPLAY_COUNT=10&ASSESSOR_ID=&TYPE_FLAG=C&ORDER_BY=PROPERTY_ADDRESS&H_ORDER_BY=SET+DESC&R_ORDER_BY=SET+DESC&DISPLAY_MODE=FULL&type_flag=C&UARN=M477500056&PPRN=47233702&ASSESSOR_IDX=6&#results,https://www.saa.gov.uk/search/?SEARCHED=1&SEARCH_TABLE=valuation_roll&SEARCH_TERM=56+NASMYTH+ROAD+SOUTH&searchtype=listing#results
42 NASMYTH ROAD SOUTH,BLOCK 132 - UNIT 4,Natural Gas,59.07,M477500042,STORE,UNITS 4 & 742 NASMYTH ROAD SOUTHGLASGOWG52 4RE,AVIEMORE HILLINGTON GP LTD,,"£15,500",https://www.saa.gov.uk/search/?SEARCHED=1&SEARCH_TABLE=valuation_roll_cpsplit&SEARCH_TERM=42+NASMYTH+ROAD+SOUTH&searchtype=listing&DISPLAY_COUNT=10&ASSESSOR_ID=&TYPE_FLAG=C&ORDER_BY=PROPERTY_ADDRESS&H_ORDER_BY=SET+DESC&R_ORDER_BY=SET+DESC&DISPLAY_MODE=FULL&type_flag=C&UARN=M477500042&PPRN=47233907&ASSESSOR_IDX=6&#results,https://www.saa.gov.uk/search/?SEARCHED=1&SEARCH_TABLE=valuation_roll&SEARCH_TERM=42+NASMYTH+ROAD+SOUTH&searchtype=listing#results
47 HEPBURN ROAD,BLOCK 131 - UNIT 2,Natural Gas,37.17,L751200047,OFFICE,47 HEPBURN ROADGLASGOWG52 4RJ,AVIEMORE HILLINGTON GP LTD,DOLBY MEDICAL HOME RESPIRATORY CARE,"£19,600",https://www.saa.gov.uk/search/?SEARCHED=1&SEARCH_TABLE=valuation_roll_cpsplit&SEARCH_TERM=47+HEPBURN+ROAD&searchtype=listing&DISPLAY_COUNT=10&ASSESSOR_ID=&TYPE_FLAG=C&ORDER_BY=PROPERTY_ADDRESS&H_ORDER_BY=SET+DESC&R_ORDER_BY=SET+DESC&DISPLAY_MODE=FULL&type_flag=C&UARN=L751200047&PPRN=47359994&ASSESSOR_IDX=6&#results,https://www.saa.gov.uk/search/?SEARCHED=1&SEARCH_TABLE=valuation_roll&SEARCH_TERM=47+HEPBURN+ROAD&searchtype=listing#results
39 Hepburn Road,Block 133 Unit 3/8,Natural Gas,49.82,L751200039,STORE,UNITS 3 & 839 HEPBURN ROADGLASGOWG52 4RJ,AVIEMORE HILLINGTON GP LTD,PRO CONCEPT FITOUT LTD,"£14,000",https://www.saa.gov.uk/search/?SEARCHED=1&SEARCH_TABLE=valuation_roll_cpsplit&SEARCH_TERM=39+Hepburn+Road&searchtype=listing&DISPLAY_COUNT=10&ASSESSOR_ID=&TYPE_FLAG=C&ORDER_BY=PROPERTY_ADDRESS&H_ORDER_BY=SET+DESC&R_ORDER_BY=SET+DESC&DISPLAY_MODE=FULL&type_flag=C&UARN=L751200039&PPRN=47233656&ASSESSOR_IDX=6&#results,https://www.saa.gov.uk/search/?SEARCHED=1&SEARCH_TABLE=valuation_roll&SEARCH_TERM=39+Hepburn+Road&searchtype=listing#results
38 Hepburn Road,Block 108 Unit 6,Natural Gas,96.04,L751200038 00005,STORE,BLOCK 108 UNIT 638 HEPBURN ROADGLASGOWG52 4RJ,AVIEMORE HILLINGTON GP LTD,,"£7,900",https://www.saa.gov.uk/search/?SEARCHED=1&SEARCH_TABLE=valuation_roll_cpsplit&SEARCH_TERM=38+Hepburn+Road&searchtype=listing&DISPLAY_COUNT=10&ASSESSOR_ID=&TYPE_FLAG=C&ORDER_BY=PROPERTY_ADDRESS&H_ORDER_BY=SET+DESC&R_ORDER_BY=SET+DESC&DISPLAY_MODE=FULL&type_flag=C&UARN=L751200038+00005&PPRN=47410590&ASSESSOR_IDX=6&#results,https://www.saa.gov.uk/search/?SEARCHED=1&SEARCH_TABLE=valuation_roll&SEARCH_TERM=38+Hepburn+Road&searchtype=listing#results
38 Hepburn Road,Block 108 Unit 6,Natural Gas,96.04,L751200038 00010,YARD,38 HEPBURN ROADGLASGOWG52 4RJ,AVIEMORE HILLINGTON GP LTD,VACANT,"£2,100",https://www.saa.gov.uk/search/?SEARCHED=1&SEARCH_TABLE=valuation_roll_cpsplit&SEARCH_TERM=38+Hepburn+Road&searchtype=listing&DISPLAY_COUNT=10&ASSESSOR_ID=&TYPE_FLAG=C&ORDER_BY=PROPERTY_ADDRESS&H_ORDER_BY=SET+DESC&R_ORDER_BY=SET+DESC&DISPLAY_MODE=FULL&type_flag=C&UARN=L751200038+00010&PPRN=47567082&ASSESSOR_IDX=6&#results,https://www.saa.gov.uk/search/?SEARCHED=1&SEARCH_TABLE=valuation_roll&SEARCH_TERM=38+Hepburn+Road&searchtype=listing#results
51 HEPBURN ROAD,BLOCK 131 - UNIT 4,Natural Gas,38.8,L751200051,STORE,51 HEPBURN ROADGLASGOWG52 4RJ,AVIEMORE HILLINGTON GP LTD,SEAN HOGG T/A HOGG MOTOR COMPANY,"£15,000",https://www.saa.gov.uk/search/?SEARCHED=1&SEARCH_TABLE=valuation_roll_cpsplit&SEARCH_TERM=51+HEPBURN+ROAD&searchtype=listing&DISPLAY_COUNT=10&ASSESSOR_ID=&TYPE_FLAG=C&ORDER_BY=PROPERTY_ADDRESS&H_ORDER_BY=SET+DESC&R_ORDER_BY=SET+DESC&DISPLAY_MODE=FULL&type_flag=C&UARN=L751200051&PPRN=47360011&ASSESSOR_IDX=6&#results,https://www.saa.gov.uk/search/?SEARCHED=1&SEARCH_TABLE=valuation_roll&SEARCH_TERM=51+HEPBURN+ROAD&searchtype=listing#results
25 HEPBURN ROAD,BLOCK 133 - UNIT 10,Natural Gas,57.63,L751200025,STORE,25 HEPBURN ROADGLASGOWG52 4RJ,AVIEMORE HILLINGTON GP LTD,BRIAN HENDRY T/A OUTLET OPTICAL,"£7,500",https://www.saa.gov.uk/search/?SEARCHED=1&SEARCH_TABLE=valuation_roll_cpsplit&SEARCH_TERM=25+HEPBURN+ROAD&searchtype=listing&DISPLAY_COUNT=10&ASSESSOR_ID=&TYPE_FLAG=C&ORDER_BY=PROPERTY_ADDRESS&H_ORDER_BY=SET+DESC&R_ORDER_BY=SET+DESC&DISPLAY_MODE=FULL&type_flag=C&UARN=L751200025&PPRN=47233788&ASSESSOR_IDX=6&#results,https://www.saa.gov.uk/search/?SEARCHED=1&SEARCH_TABLE=valuation_roll&SEARCH_TERM=25+HEPBURN+ROAD&searchtype=listing#results
27 HEPBURN ROAD,BLOCK 133 - UNIT 9,Natural Gas,52.56,L751200027,STORE,27 HEPBURN ROADGLASGOWG52 4RJ,AVIEMORE HILLINGTON GP LTD,JOHN CLARK,"£7,600",https://www.saa.gov.uk/search/?SEARCHED=1&SEARCH_TABLE=valuation_roll_cpsplit&SEARCH_TERM=27+HEPBURN+ROAD&searchtype=listing&DISPLAY_COUNT=10&ASSESSOR_ID=&TYPE_FLAG=C&ORDER_BY=PROPERTY_ADDRESS&H_ORDER_BY=SET+DESC&R_ORDER_BY=SET+DESC&DISPLAY_MODE=FULL&type_flag=C&UARN=L751200027&PPRN=47233672&ASSESSOR_IDX=6&#results,https://www.saa.gov.uk/search/?SEARCHED=1&SEARCH_TABLE=valuation_roll&SEARCH_TERM=27+HEPBURN+ROAD&searchtype=listing#results
35 HEPBURN ROAD,BLOCK 133 - UNIT 5,Natural Gas,52.97,L751200035,STORE,35 HEPBURN ROADGLASGOWG52 4RJ,AVIEMORE HILLINGTON GP LTD,BARR VEHICLE SERVICES LTD,"£3,600",https://www.saa.gov.uk/search/?SEARCHED=1&SEARCH_TABLE=valuation_roll_cpsplit&SEARCH_TERM=35+HEPBURN+ROAD&searchtype=listing&DISPLAY_COUNT=10&ASSESSOR_ID=&TYPE_FLAG=C&ORDER_BY=PROPERTY_ADDRESS&H_ORDER_BY=SET+DESC&R_ORDER_BY=SET+DESC&DISPLAY_MODE=FULL&type_flag=C&UARN=L751200035&PPRN=47233664&ASSESSOR_IDX=6&#results,https://www.saa.gov.uk/search/?SEARCHED=1&SEARCH_TABLE=valuation_roll&SEARCH_TERM=35+HEPBURN+ROAD&searchtype=listing#results
41 HEPBURN ROAD,BLOCK 133 - UNIT 2,Natural Gas,83.26,L751200041,STORE,41 HEPBURN ROADGLASGOWG52 4RJ,AVIEMORE HILLINGTON GP LTD,RICHIESTON LTD,"£8,500",https://www.saa.gov.uk/search/?SEARCHED=1&SEARCH_TABLE=valuation_roll_cpsplit&SEARCH_TERM=41+HEPBURN+ROAD&searchtype=listing&DISPLAY_COUNT=10&ASSESSOR_ID=&TYPE_FLAG=C&ORDER_BY=PROPERTY_ADDRESS&H_ORDER_BY=SET+DESC&R_ORDER_BY=SET+DESC&DISPLAY_MODE=FULL&type_flag=C&UARN=L751200041&PPRN=47233648&ASSESSOR_IDX=6&#results,https://www.saa.gov.uk/search/?SEARCHED=1&SEARCH_TABLE=valuation_roll&SEARCH_TERM=41+HEPBURN+ROAD&searchtype=listing#results
37 HEPBURN ROAD,BLOCK 133 - UNIT 4,Natural Gas,50.08,L751200037,STORE,UNITS 4 & 737 HEPBURN ROADGLASGOWG52 4RJ,AVIEMORE HILLINGTON GP LTD,BDP FURNITURE LTD,"£14,600",https://www.saa.gov.uk/search/?SEARCHED=1&SEARCH_TABLE=valuation_roll_cpsplit&SEARCH_TERM=37+HEPBURN+ROAD&searchtype=listing&DISPLAY_COUNT=10&ASSESSOR_ID=&TYPE_FLAG=C&ORDER_BY=PROPERTY_ADDRESS&H_ORDER_BY=SET+DESC&R_ORDER_BY=SET+DESC&DISPLAY_MODE=FULL&type_flag=C&UARN=L751200037&PPRN=47412216&ASSESSOR_IDX=6&#results,https://www.saa.gov.uk/search/?SEARCHED=1&SEARCH_TABLE=valuation_roll&SEARCH_TERM=37+HEPBURN+ROAD&searchtype=listing#results
45 Hepburn Road,Block 131,Natural Gas,55.31,L751200045,OFFICE,45 HEPBURN ROADGLASGOWG52 4RJ,AVIEMORE HILLINGTON GP LTD,G2 REFRIGERATION & AIR CONDITIONING LTD,"£18,000",https://www.saa.gov.uk/search/?SEARCHED=1&SEARCH_TABLE=valuation_roll_cpsplit&SEARCH_TERM=45+Hepburn+Road&searchtype=listing&DISPLAY_COUNT=10&ASSESSOR_ID=&TYPE_FLAG=C&ORDER_BY=PROPERTY_ADDRESS&H_ORDER_BY=SET+DESC&R_ORDER_BY=SET+DESC&DISPLAY_MODE=FULL&type_flag=C&UARN=L751200045&PPRN=47359986&ASSESSOR_IDX=6&#results,https://www.saa.gov.uk/search/?SEARCHED=1&SEARCH_TABLE=valuation_roll&SEARCH_TERM=45+Hepburn+Road&searchtype=listing#results
15 Gordon Avenue,Unit 7 and 8 Northpoint,Natural Gas,75.92,X98010/0015,WORKSHOP,UNIT 8 NORTHPOINT15 GORDON AVENUEHILLINGTONGLASGOWG52 4TG,AVIEMORE TRUSTEE LTD AS TRUSTEE OF AVIEMORE HILLINGTON PARK UNIT TRUST,PRETTY SCENIC LTD,"£60,000",https://www.saa.gov.uk/search/?SEARCHED=1&SEARCH_TABLE=valuation_roll_cpsplit&SEARCH_TERM=15+Gordon+Avenue&searchtype=listing&DISPLAY_COUNT=10&ASSESSOR_ID=&TYPE_FLAG=C&ORDER_BY=PROPERTY_ADDRESS&H_ORDER_BY=SET+DESC&R_ORDER_BY=SET+DESC&DISPLAY_MODE=FULL&type_flag=C&UARN=X98010%2F0015&PPRN=67185886&ASSESSOR_IDX=12&#results,https://www.saa.gov.uk/search/?SEARCHED=1&SEARCH_TABLE=valuation_roll&SEARCH_TERM=15+Gordon+Avenue&searchtype=listing#results
15 Gordon Avenue,Unit 7 and 8 Northpoint,Natural Gas,75.92,X98010/0029,WORKSHOP,UNIT 15 NORTHPOINT29 GORDON AVENUEHILLINGTONGLASGOWG52 4TG,LUCEMILL LTD,,"£34,000",https://www.saa.gov.uk/search/?SEARCHED=1&SEARCH_TABLE=valuation_roll_cpsplit&SEARCH_TERM=15+Gordon+Avenue&searchtype=listing&DISPLAY_COUNT=10&ASSESSOR_ID=&TYPE_FLAG=C&ORDER_BY=PROPERTY_ADDRESS&H_ORDER_BY=SET+DESC&R_ORDER_BY=SET+DESC&DISPLAY_MODE=FULL&type_flag=C&UARN=X98010%2F0029&PPRN=67179290&ASSESSOR_IDX=12&#results,https://www.saa.gov.uk/search/?SEARCHED=1&SEARCH_TABLE=valuation_roll&SEARCH_TERM=15+Gordon+Avenue&searchtype=listing#results
27 Gordon Avenue,Unit 14 Northpoint,Natural Gas,43.52,X98010/0027,WORKSHOP,UNIT 14 NORTHPOINT27 GORDON AVENUEHILLINGTONGLASGOWG52 4TG,AVIEMORE TRUSTEE LTD AS TRUSTEE OF AVIEMORE HILLINGTON PARK UNIT TRUST,METALOCK ENGINEERING UK LTD,"£24,000",https://www.saa.gov.uk/search/?SEARCHED=1&SEARCH_TABLE=valuation_roll_cpsplit&SEARCH_TERM=27+Gordon+Avenue&searchtype=listing&DISPLAY_COUNT=10&ASSESSOR_ID=&TYPE_FLAG=C&ORDER_BY=PROPERTY_ADDRESS&H_ORDER_BY=SET+DESC&R_ORDER_BY=SET+DESC&DISPLAY_MODE=FULL&type_flag=C&UARN=X98010%2F0027&PPRN=67180043&ASSESSOR_IDX=12&#results,https://www.saa.gov.uk/search/?SEARCHED=1&SEARCH_TABLE=valuation_roll&SEARCH_TERM=27+Gordon+Avenue&searchtype=listing#results
39 Gordon Avenue,Unit 20 Northpoint,Natural Gas,41.58,X98010/0039,WORKSHOP,UNIT 20 NORTHPOINT39 GORDON AVENUEHILLINGTONGLASGOWG52 4TG,AVIEMORE TRUSTEE LTD AS TRUSTEE OF AVIEMORE HILLINGTON PARK UNIT TRUST,SCOTTISH OPERA,"£33,000",https://www.saa.gov.uk/search/?SEARCHED=1&SEARCH_TABLE=valuation_roll_cpsplit&SEARCH_TERM=39+Gordon+Avenue&searchtype=listing&DISPLAY_COUNT=10&ASSESSOR_ID=&TYPE_FLAG=C&ORDER_BY=PROPERTY_ADDRESS&H_ORDER_BY=SET+DESC&R_ORDER_BY=SET+DESC&DISPLAY_MODE=FULL&type_flag=C&UARN=X98010%2F0039&PPRN=67189172&ASSESSOR_IDX=12&#results,https://www.saa.gov.uk/search/?SEARCHED=1&SEARCH_TABLE=valuation_roll&SEARCH_TERM=39+Gordon+Avenue&searchtype=listing#results
Atholl Avenue,Unit 2,Natural Gas,43.56,X97440/0005,FACTORY,5 ATHOLL AVENUEHILLINGTONGLASGOWG52 4UA,CALEDONIAN INDUSTRIES LIMITED,,"£80,000",https://www.saa.gov.uk/search/?SEARCHED=1&SEARCH_TABLE=valuation_roll_cpsplit&SEARCH_TERM=Atholl+Avenue&searchtype=listing&DISPLAY_COUNT=10&ASSESSOR_ID=&TYPE_FLAG=C&ORDER_BY=PROPERTY_ADDRESS&H_ORDER_BY=SET+DESC&R_ORDER_BY=SET+DESC&DISPLAY_MODE=FULL&type_flag=C&UARN=X97440%2F0005&PPRN=67058973&ASSESSOR_IDX=12&#results,https://www.saa.gov.uk/search/?SEARCHED=1&SEARCH_TABLE=valuation_roll&SEARCH_TERM=Atholl+Avenue&searchtype=listing#results
Atholl Avenue,Unit 2,Natural Gas,43.56,X97440/0012,YARD,12 ATHOLL AVENUEHILLINGTONGLASGOWG52 4UG,AVIEMORE TRUSTEE LTD AS TRUSTEE OF AVIEMORE HILLINGTON PARK UNIT TRUST,STEDER GROUP (UK) LTD,"£11,750",https://www.saa.gov.uk/search/?SEARCHED=1&SEARCH_TABLE=valuation_roll_cpsplit&SEARCH_TERM=Atholl+Avenue&searchtype=listing&DISPLAY_COUNT=10&ASSESSOR_ID=&TYPE_FLAG=C&ORDER_BY=PROPERTY_ADDRESS&H_ORDER_BY=SET+DESC&R_ORDER_BY=SET+DESC&DISPLAY_MODE=FULL&type_flag=C&UARN=X97440%2F0012&PPRN=67251730&ASSESSOR_IDX=12&#results,https://www.saa.gov.uk/search/?SEARCHED=1&SEARCH_TABLE=valuation_roll&SEARCH_TERM=Atholl+Avenue&searchtype=listing#results
Atholl Avenue,Unit 2,Natural Gas,43.56,X97440/0004,WORKSHOP,UNIT 1 SENTINEL COURTATHOLL AVENUEHILLINGTONGLASGOWG52 4UG,AVIEMORE TRUSTEE LTD AS TRUSTEE OF AVIEMORE HILLINGTON PARK UNIT TRUST,LOMOND MOTORS LTD,"£115,000",https://www.saa.gov.uk/search/?SEARCHED=1&SEARCH_TABLE=valuation_roll_cpsplit&SEARCH_TERM=Atholl+Avenue&searchtype=listing&DISPLAY_COUNT=10&ASSESSOR_ID=&TYPE_FLAG=C&ORDER_BY=PROPERTY_ADDRESS&H_ORDER_BY=SET+DESC&R_ORDER_BY=SET+DESC&DISPLAY_MODE=FULL&type_flag=C&UARN=X97440%2F0004&PPRN=67138128&ASSESSOR_IDX=12&#results,https://www.saa.gov.uk/search/?SEARCHED=1&SEARCH_TABLE=valuation_roll&SEARCH_TERM=Atholl+Avenue&searchtype=listing#results
Atholl Avenue,Unit 2,Natural Gas,43.56,X97440/0006 /00005,WORKSHOP,UNIT 2 SENTINEL COURTATHOLL AVENUEHILLINGTONGLASGOWG52 4UG,AVIEMORE TRUSTEE LTD AS TRUSTEE OF AVIEMORE HILLINGTON PARK UNIT TRUST,VAULTEX UK LTD,"£63,000",https://www.saa.gov.uk/search/?SEARCHED=1&SEARCH_TABLE=valuation_roll_cpsplit&SEARCH_TERM=Atholl+Avenue&searchtype=listing&DISPLAY_COUNT=10&ASSESSOR_ID=&TYPE_FLAG=C&ORDER_BY=PROPERTY_ADDRESS&H_ORDER_BY=SET+DESC&R_ORDER_BY=SET+DESC&DISPLAY_MODE=FULL&type_flag=C&UARN=X97440%2F0006+%2F00005&PPRN=67138136&ASSESSOR_IDX=12&#results,https://www.saa.gov.uk/search/?SEARCHED=1&SEARCH_TABLE=valuation_roll&SEARCH_TERM=Atholl+Avenue&searchtype=listing#results
Atholl Avenue,Unit 2,Natural Gas,43.56,X97440/0006 /00010,WORKSHOP,UNIT 2 SENTINEL COURTATHOLL AVENUEHILLINGTONGLASGOWG52 4UG,AVIEMORE TRUSTEE LTD AS TRUSTEE OF AVIEMORE HILLINGTON PARK UNIT TRUST,VAULTEX UK LTD,"£63,000",https://www.saa.gov.uk/search/?SEARCHED=1&SEARCH_TABLE=valuation_roll_cpsplit&SEARCH_TERM=Atholl+Avenue&searchtype=listing&DISPLAY_COUNT=10&ASSESSOR_ID=&TYPE_FLAG=C&ORDER_BY=PROPERTY_ADDRESS&H_ORDER_BY=SET+DESC&R_ORDER_BY=SET+DESC&DISPLAY_MODE=FULL&type_flag=C&UARN=X97440%2F0006+%2F00010&PPRN=67171087&ASSESSOR_IDX=12&#results,https://www.saa.gov.uk/search/?SEARCHED=1&SEARCH_TABLE=valuation_roll&SEARCH_TERM=Atholl+Avenue&searchtype=listing#results
Atholl Avenue,Unit 2,Natural Gas,43.56,X97440/0008,WORKSHOP,UNIT 3 SENTINEL COURTATHOLL AVENUEHILLINGTONGLASGOWG52 4UG,AVIEMORE TRUSTEE LTD AS TRUSTEE OF AVIEMORE HILLINGTON PARK UNIT TRUST,STEDER GROUP (UK) LTD,"£115,000",https://www.saa.gov.uk/search/?SEARCHED=1&SEARCH_TABLE=valuation_roll_cpsplit&SEARCH_TERM=Atholl+Avenue&searchtype=listing&DISPLAY_COUNT=10&ASSESSOR_ID=&TYPE_FLAG=C&ORDER_BY=PROPERTY_ADDRESS&H_ORDER_BY=SET+DESC&R_ORDER_BY=SET+DESC&DISPLAY_MODE=FULL&type_flag=C&UARN=X97440%2F0008&PPRN=67138144&ASSESSOR_IDX=12&#results,https://www.saa.gov.uk/search/?SEARCHED=1&SEARCH_TABLE=valuation_roll&SEARCH_TERM=Atholl+Avenue&searchtype=listing#results
520 Hillington Road,,Natural Gas,84.38,X98050/0520,CAR SHOWROOM,520 HILLINGTON ROADHILLINGTON PARKGLASGOWG52 4UB,CHAMOSS INTERNATIONAL LTD,VOLKSWAGEN FINANCIAL SERVICES LTD,"£805,000",https://www.saa.gov.uk/search/?SEARCHED=1&SEARCH_TABLE=valuation_roll_cpsplit&SEARCH_TERM=520+Hillington+Road&searchtype=listing&DISPLAY_COUNT=10&ASSESSOR_ID=&TYPE_FLAG=C&ORDER_BY=PROPERTY_ADDRESS&H_ORDER_BY=SET+DESC&R_ORDER_BY=SET+DESC&DISPLAY_MODE=FULL&type_flag=C&UARN=X98050%2F0520&PPRN=67153992&ASSESSOR_IDX=12&#results,https://www.saa.gov.uk/search/?SEARCHED=1&SEARCH_TABLE=valuation_roll&SEARCH_TERM=520+Hillington+Road&searchtype=listing#results
Mossland Road,Merlin House,Natural Gas,61.7,X98640/0008,WORKSHOP,8 MOSSLAND ROADHILLINGTONGLASGOWG52 4XZ,NICOL & ANDREW PLC,,"£26,000",https://www.saa.gov.uk/search/?SEARCHED=1&SEARCH_TABLE=valuation_roll_cpsplit&SEARCH_TERM=Mossland+Road&searchtype=listing&DISPLAY_COUNT=10&ASSESSOR_ID=&TYPE_FLAG=C&ORDER_BY=PROPERTY_ADDRESS&H_ORDER_BY=SET+DESC&R_ORDER_BY=SET+DESC&DISPLAY_MODE=FULL&type_flag=C&UARN=X98640%2F0008&PPRN=67061532&ASSESSOR_IDX=12&#results,https://www.saa.gov.uk/search/?SEARCHED=1&SEARCH_TABLE=valuation_roll&SEARCH_TERM=Mossland+Road&searchtype=listing#results
Mossland Road,Merlin House,Natural Gas,61.7,X98640/0011A,WORKSHOP,11A MOSSLAND ROADHILLINGTONGLASGOWG52 4XZ,AVIEMORE TRUSTEE LTD AS TRUSTEE OF AVIEMORE HILLINGTON PARK UNIT TRUST,SCHENKER LTD,"£104,000",https://www.saa.gov.uk/search/?SEARCHED=1&SEARCH_TABLE=valuation_roll_cpsplit&SEARCH_TERM=Mossland+Road&searchtype=listing&DISPLAY_COUNT=10&ASSESSOR_ID=&TYPE_FLAG=C&ORDER_BY=PROPERTY_ADDRESS&H_ORDER_BY=SET+DESC&R_ORDER_BY=SET+DESC&DISPLAY_MODE=FULL&type_flag=C&UARN=X98640%2F0011A&PPRN=67241328&ASSESSOR_IDX=12&#results,https://www.saa.gov.uk/search/?SEARCHED=1&SEARCH_TABLE=valuation_roll&SEARCH_TERM=Mossland+Road&searchtype=listing#results
Mossland Road,Merlin House,Natural Gas,61.7,X98640/0012,WORKSHOP,STRATHAIRD12 MOSSLAND ROADHILLINGTONGLASGOWG52 4XZ,KOOLTECH LTD,,"£155,000",https://www.saa.gov.uk/search/?SEARCHED=1&SEARCH_TABLE=valuation_roll_cpsplit&SEARCH_TERM=Mossland+Road&searchtype=listing&DISPLAY_COUNT=10&ASSESSOR_ID=&TYPE_FLAG=C&ORDER_BY=PROPERTY_ADDRESS&H_ORDER_BY=SET+DESC&R_ORDER_BY=SET+DESC&DISPLAY_MODE=FULL&type_flag=C&UARN=X98640%2F0012&PPRN=67061370&ASSESSOR_IDX=12&#results,https://www.saa.gov.uk/search/?SEARCHED=1&SEARCH_TABLE=valuation_roll&SEARCH_TERM=Mossland+Road&searchtype=listing#results
Mossland Road,Merlin House,Natural Gas,61.7,X98640/0015B,FACTORY ETC,15B MOSSLAND ROADHILLINGTONGLASGOWG52 4XZ,AVIEMORE TRUSTEE LTD AS TRUSTEE OF AVIEMORE HILLINGTON PARK UNIT TRUST,DOUGLAS LAING & CO LTD,"£350,000",https://www.saa.gov.uk/search/?SEARCHED=1&SEARCH_TABLE=valuation_roll_cpsplit&SEARCH_TERM=Mossland+Road&searchtype=listing&DISPLAY_COUNT=10&ASSESSOR_ID=&TYPE_FLAG=C&ORDER_BY=PROPERTY_ADDRESS&H_ORDER_BY=SET+DESC&R_ORDER_BY=SET+DESC&DISPLAY_MODE=FULL&type_flag=C&UARN=X98640%2F0015B&PPRN=67241360&ASSESSOR_IDX=12&#results,https://www.saa.gov.uk/search/?SEARCHED=1&SEARCH_TABLE=valuation_roll&SEARCH_TERM=Mossland+Road&searchtype=listing#results
Mossland Road,Merlin House,Natural Gas,61.7,X98640/0019 /00012,OFFICE,DOUGLAS HOUSE FF EAST19 MOSSLAND ROADHILLINGTONGLASGOWG52 4XZ,DOUGLAS LAING & COMPANY LTD,,"£52,000",https://www.saa.gov.uk/search/?SEARCHED=1&SEARCH_TABLE=valuation_roll_cpsplit&SEARCH_TERM=Mossland+Road&searchtype=listing&DISPLAY_COUNT=10&ASSESSOR_ID=&TYPE_FLAG=C&ORDER_BY=PROPERTY_ADDRESS&H_ORDER_BY=SET+DESC&R_ORDER_BY=SET+DESC&DISPLAY_MODE=FULL&type_flag=C&UARN=X98640%2F0019+%2F00012&PPRN=67191258&ASSESSOR_IDX=12&#results,https://www.saa.gov.uk/search/?SEARCHED=1&SEARCH_TABLE=valuation_roll&SEARCH_TERM=Mossland+Road&searchtype=listing#results
Mossland Road,Merlin House,Natural Gas,61.7,X98640/0019 /00010,OFFICE,DOUGLAS HOUSE FF WEST19 MOSSLAND ROADHILLINGTONGLASGOWG52 4XZ,DOUGLAS LAING & COMPANY LTD,,"£44,500",https://www.saa.gov.uk/search/?SEARCHED=1&SEARCH_TABLE=valuation_roll_cpsplit&SEARCH_TERM=Mossland+Road&searchtype=listing&DISPLAY_COUNT=10&ASSESSOR_ID=&TYPE_FLAG=C&ORDER_BY=PROPERTY_ADDRESS&H_ORDER_BY=SET+DESC&R_ORDER_BY=SET+DESC&DISPLAY_MODE=FULL&type_flag=C&UARN=X98640%2F0019+%2F00010&PPRN=67191231&ASSESSOR_IDX=12&#results,https://www.saa.gov.uk/search/?SEARCHED=1&SEARCH_TABLE=valuation_roll&SEARCH_TERM=Mossland+Road&searchtype=listing#results
Mossland Road,Merlin House,Natural Gas,61.7,X98640/0019 /00007,OFFICE,DOUGLAS HOUSE GF EAST19 MOSSLAND ROADHILLINGTONGLASGOWG52 4XZ,DOUGLAS LAING & COMPANY LTD,,"£45,000",https://www.saa.gov.uk/search/?SEARCHED=1&SEARCH_TABLE=valuation_roll_cpsplit&SEARCH_TERM=Mossland+Road&searchtype=listing&DISPLAY_COUNT=10&ASSESSOR_ID=&TYPE_FLAG=C&ORDER_BY=PROPERTY_ADDRESS&H_ORDER_BY=SET+DESC&R_ORDER_BY=SET+DESC&DISPLAY_MODE=FULL&type_flag=C&UARN=X98640%2F0019+%2F00007&PPRN=67247814&ASSESSOR_IDX=12&#results,https://www.saa.gov.uk/search/?SEARCHED=1&SEARCH_TABLE=valuation_roll&SEARCH_TERM=Mossland+Road&searchtype=listing#results
Mossland Road,Merlin House,Natural Gas,61.7,X98640/0019 /00005,OFFICE,DOUGLAS HOUSE GF WEST19 MOSSLAND ROADHILLINGTONGLASGOWG52 4XZ,DOUGLAS LAING & COMPANY LTD,,"£52,000",https://www.saa.gov.uk/search/?SEARCHED=1&SEARCH_TABLE=valuation_roll_cpsplit&SEARCH_TERM=Mossland+Road&searchtype=listing&DISPLAY_COUNT=10&ASSESSOR_ID=&TYPE_FLAG=C&ORDER_BY=PROPERTY_ADDRESS&H_ORDER_BY=SET+DESC&R_ORDER_BY=SET+DESC&DISPLAY_MODE=FULL&type_flag=C&UARN=X98640%2F0019+%2F00005&PPRN=67062032&ASSESSOR_IDX=12&#results,https://www.saa.gov.uk/search/?SEARCHED=1&SEARCH_TABLE=valuation_roll&SEARCH_TERM=Mossland+Road&searchtype=listing#results
Mossland Road,Merlin House,Natural Gas,61.7,X98640/0019 /00015,WAREHOUSE,19 MOSSLAND ROADHILLINGTONGLASGOWG52 4XZ,DOUGLAS LAING & COMPANY LTD,CIRCLE EXPRESS,"£55,000",https://www.saa.gov.uk/search/?SEARCHED=1&SEARCH_TABLE=valuation_roll_cpsplit&SEARCH_TERM=Mossland+Road&searchtype=listing&DISPLAY_COUNT=10&ASSESSOR_ID=&TYPE_FLAG=C&ORDER_BY=PROPERTY_ADDRESS&H_ORDER_BY=SET+DESC&R_ORDER_BY=SET+DESC&DISPLAY_MODE=FULL&type_flag=C&UARN=X98640%2F0019+%2F00015&PPRN=67137245&ASSESSOR_IDX=12&#results,https://www.saa.gov.uk/search/?SEARCHED=1&SEARCH_TABLE=valuation_roll&SEARCH_TERM=Mossland+Road&searchtype=listing#results
Mossland Road,Merlin House,Natural Gas,61.7,X98640/0009,FACTORY,FACTORYMOSSLAND ROADHILLINGTONGLASGOWG52 4XZ,HENRY TECHNOLOGIES LTD,,"£79,000",https://www.saa.gov.uk/search/?SEARCHED=1&SEARCH_TABLE=valuation_roll_cpsplit&SEARCH_TERM=Mossland+Road&searchtype=listing&DISPLAY_COUNT=10&ASSESSOR_ID=&TYPE_FLAG=C&ORDER_BY=PROPERTY_ADDRESS&H_ORDER_BY=SET+DESC&R_ORDER_BY=SET+DESC&DISPLAY_MODE=FULL&type_flag=C&UARN=X98640%2F0009&PPRN=67060498&ASSESSOR_IDX=12&#results,https://www.saa.gov.uk/search/?SEARCHED=1&SEARCH_TABLE=valuation_roll&SEARCH_TERM=Mossland+Road&searchtype=listing#results
