EXISTING,PROPOSED,CURRENT POLLING PLACE,PROPOSED CHANGE TO,,,,,
POLLING,NEW,,POLLING PLACE,,,,,
DISTRICT,POLLING,,,,,,,
,DISTRICT,,,,,,,
,NAME,,,,,,,
CC1101,CPSO0101,ST FILLAN'S PRIMARY SCHOOL,No change,,,,,
,,,,,,,,
CC1201,CPSO0102,ST FILLAN'S PRIMARY SCHOOL,No change,,,,,
,,,,,,,,
CC1301,CPSO0103,ST MIRRIN'S PRIMARY SCHOOL,No change,,,,,
,,,,,,,,
CC1401,CPSO0104,CROFTFOOT PRIMARY SCHOOL,No change,,,,,
,,,,,,,,
CC1501,CPSO0105,NETHERHOLM COMMUNITY,No change,,,,,
,,HALL,,,,,,
,,,,,,,,
CC1601,CPSO0106,NETHERHOLM COMMUNITY,No change,,,,,
,,HALL,,,,,,
,,,,,,,,
CC1701,CPSO0107,JOHN PAUL II PRIMARY,No change,,,,,
,,SCHOOL,,,,,,
,,,,,,,,
CC1801,CPSO0108,CARMUNNOCK PRIMARY,No change,,,,,
,,SCHOOL,,,,,,
,,,,,,,,
CC1901,CPSO0109,CROFTFOOT UNITED FREE,No change,,,,,
,,CHURCH HALL,,,,,,
,,,,,,,,
CC2001,CPSO0110,ST BARTHOLEMEW'S PRIMARY,No change,,,,,
,,,,,,,,
CC2101,CPSO0111,CROFTFOOT PRIMARY SCHOOL,No change,,,,,
,,,,,,,,
CC2201,CPSO0112,NETHERHOLM COMMUNITY,No change,,,,,
,,HALL,,,,,,
,,,,,,,,
CC2301,CPSO0113,ST BARTHOLEMEW'S PRIMARY,No change,,,,,
,,,,,,,,
CC2401,CPSO0114,MILLER PRIMARY,No change,,,,,
,,,,,,,,
CC2501,CPSO0115,MILLER PRIMARY,No change,,,,,
,,,,,,,,
EXISTING,PROPOSED,CURRENT POLLING,PROPOSED,DISTANCE,REASON FOR,PROPOSED CHANGE,,
POLLING,NEW,PLACE,CHANGE TO,MILES,PROPOSED CHANGE,TO POLLING PLACE,,
DISTRICT,POLLING,,POLLING,,TO VENUE,,,
,DISTRICT,,PLACE,,,,,
,NAME,,,,,,,
CC2702,CPSO0201,MANSEWOOD,No change,,,No change,,
,,COMMUNITY CENTRE,,,,,,
,,,,,,,,
CC2802,CPSO0202,ST VINCENT'S RC,No change,,,No change,,
,,PRIMARY SCHOOL,,,,,,
,,,,,,,,
CC2902,CPSO0203,EASTWOOD,TINTO,0.9m,To not use early years,TINTO PRIMARY,,
,,NURSERY SCHOOL,PRIMARY,,or ASL Education,SCHOOL,,
,,,SCHOOL,,establishments.,,,
,,,,,Tinto PS is an existing,,,
,,,,,polling place.,,,
CC3002,CPSO0204,TINTO PRIMARY,No change,,,No change,,
,,SCHOOL,,,,,,
CC3102,CPSO0205,NEWLANDS SOUTH,No change,,,No change,,
,,CHURCH HALL,,,,,,
,,,,,,,,
CC3202,CPSO0206,POLLOKSHAWS,No change,,,No change,,
,,COMMUNITY HUB,,,,,,
,,,,,,,,
CC3302,CPSO0207,OUR LADY OF THE,No change,,,No change,,
,,ANNUNCIATION,,,,,,
,,PRIMARY SCHOOL,,,,,,
,,,,,,,,
PK0702,CPSW0201,ASHPARK PRIMARY,No change,,,No change,,
,,SCHOOL,,,,,,
EXISTING,PROPOSED,CURRENT,PROPOSED,DISTANCE,PROPOSED,DISTANCE,REASON FOR,PROPOSED
POLLING,NEW,POLLING PLACE,CHANGE TO,MILES,CHANGE,MILES,PROPOSED CHANGE,CHANGE TO
DISTRICT,POLLING,,POLLING,,TO,,TO VENUE,POLLING PLACE
,DISTRICT,,PLACE,,POLLING,,,
,NAME,,,,PLACE,,,
PK0803,CPSW0301,LINTHAUGH,CROOKSTON,0.6,ST,0.5M,To not use early years,ST MONICA'S PS
,,NURSERY,CASTLE PS,,MONICA'S,,or ASL Education,
,,,,,PS,,establishments.,
,,,,,,,Neither school are,
,,,,,,,existing polling places.,
PK0903,CPSW0302,LINTHAUGH,CROOKSTON,0.6,ST,0.5M,To not use early years,ST MONICA'S PS
,,NURSERY,CASTLE PS,,MONICA'S,,or ASL Education,
,,,,,PS,,establishments.,
,,,,,,,Neither school are,
,,,,,,,existing polling places.,
PK1003,CPSW0303,ST MARNOCK'S,No change,,,,,No change
,,PRIMARY SCHOOL,,,,,,
,,,,,,,,
PK1103,CPSW0304,GOWANBANK,No change,,,,,No change
,,PRIMARY SCHOOL,,,,,,
,,,,,,,,
PK1203,CPSW0305,THE UNITED,No change,,,,,No change
,,REFORMED,,,,,,
,,CHURCH AKA THE,,,,,,
,,HALL,,,,,,
PK1303,CPSW0306,PRIESTHILL,No change,,,,,No change
,,PARISH CHURCH,,,,,,
,,HALL,,,,,,
PK1403,CPSW0307,LINTHAUGH,CROOKSTON,0.6,ST,0.5M,To not use early years,ST MONICA'S PS
,,NURSERY,CASTLE PS,,MONICA'S,,or ASL Education,
,,,,,PS,,establishments.,
,,,,,,,Neither school are,
,,,,,,,existing polling places.,
PK1503,CPSW0308,CLEEVES,No change,,,,,No change
,,PRIMARY SCHOOL,,,,,,
PK1603,CPSW0309,DARNLEY,No change,,,,,No change
,,PRIMARY SCHOOL,,,,,,
PK1703,CPSW0310,DARNLEY,No change,,,,,No change
,,PRIMARY SCHOOL,,,,,,
PK1803,CPSW0311,DARNLEY,No change,,,,,No change
,,PRIMARY SCHOOL,,,,,,
PK1903,CPSW0312,ST BERNARD'S,No change,,,,,No change
,,PRIMARY SCHOOL,,,,,,
,,,,,,,,
EXISTING,PROPOSED,CURRENT,PROPOSED,DISTANCE,PROPOSED,DISTANCE,REASON FOR,PROPOSED
POLLING,NEW,POLLING PLACE,CHANGE TO,MILES,CHANGE TO,MILES,PROPOSED,CHANGE TO
DISTRICT,POLLING,,POLLING,,POLLING,,CHANGE TO,POLLING PLACE
,DISTRICT,,PLACE,,PLACE,,VENUE,
,NAME,,,,,,,
PK2104,RNPR0401,PENILEE CE,No change,,,,,No change
,,CETRE,,,,,,
PK2204,RNPR0402,ST GEORGE'S,No change,,,,,No change
,,PS,,,,,,
PK2304,RNPR0403,ROSSHALL,ST,1M,CARDONALD,0.7,To not use early,No change
,,NURSERY,GEORGE'S,,PARISH,,years or ASL,
,,SCHOOL,PS,,CHURCH,,Education,
,,,,,HALL,,establishments.,
,,,,,,,Cardonald Parish,
,,,,,,,Church Hall is an,
,,,,,,,existing polling,
,,,,,,,place.,
PK2404,RNPR0404,HILLINGTON PS,No change,,,,,No change
,,,,,,,,
PK2504,RNPR0405,LOURDES PS,No change,,,,,No change
,,,,,,,,
PK2604,RNPR0406,LOURDES PS,No change,,,,,No change
,,,,,,,,
PK2704,RNPR0407,CARDONALD,No change,,,,,No change
,,PARISH,,,,,,
,,CHURCH HALL,,,,,,
PK2804,RNSW0401,CARDONALD,No change,,,,,No change
,,PRIMARY,,,,,,
,,SCHOOL,,,,,,
PK2904,RNSW0402,LYONCROSS,ST JAMES,0.3M,,,To not use early,No change
,,NURSERY,(POLLOK),,,,years or ASL,
,,SCHOOL,PARISH,,,,Education,
,,,CHURCH,,,,establishments.  St,
,,,HALL,,,,James (Pollok),
,,,,,,,Parish Church Hall,
,,,,,,,is an existing,
,,,,,,,polling place.,
PK3004,RNSW0403,ST JAMES,No change,,,,,No change
,,(POLLOK),,,,,,
,,PARISH,,,,,,
,,CHURCH HALL,,,,,,
PK3104,RNSW0404,OUR LADY OF,No change,,,,,No change
,,THE ROSARY,,,,,,
,,PRIMARY,,,,,,
,,SCHOOL,,,,,,
PK3204,RNSW0405,MOSSPARK,No change,,,,,No change
,,PRIMARY,,,,,,
,,SCHOOL,,,,,,
PK3304,RNSW0406,CORKERHILL,No change,,,,,No change
,,COMMUNITY,,,,,,
,,CENTRE,,,,,,
PK3504,RNSW0407,CARDONALD,No change,,,,,No change
,,PARISH,,,,,,
,,CHURCH HALL,,,,,,
EXISTING,PROPOSED,CURRENT POLLING,PROPOSED,,,,,
POLLING,NEW,PLACE,CHANGE TO,,,,,
DISTRICT,POLLING,,POLLING,,,,,
,DISTRICT,,PLACE,,,,,
,NAME,,,,,,,
PK0105,CESW0501,PIRIE PARK PRIMARY,No change,,,,,
,,SCHOOL,,,,,,
PK0205,CESW0502,PIRIE PARK PRIMARY,No change,,,,,
,,SCHOOL,,,,,,
PK0305,CESW0503,ST CONSTANTINES,No change,,,,,
,,PRIMARY SCHOOL,,,,,,
,,,,,,,,
PK0405,CESW0504,GOVAN CAMPUS,No change,,,,,
,,,,,,,,
SS0105,CESW0505,GOVAN CAMPUS,No change,,,,,
,,,,,,,,
SS0205,CESW0506,IBROX PRIMARY,No change,,,,,
,,SCHOOL,,,,,,
SS0305,CESW0507,LORNE STREET,No change,,,,,
,,PRIMARY SCHOOL,,,,,,
,,,,,,,,
SS0405,CESW0508,THE BARN YOUTH,No change,,,,,
,,CENTRE,,,,,,
EXISTING,PROPOSED,CURRENT,PROPOSED,DISTANCE,PROPOSED,DISTANCE,REASON FOR,PROPOSED
POLLING,NEW,POLLING PLACE,CHANGE TO,MILES,CHANGE,MILES,PROPOSED CHANGE,CHANGE TO
DISTRICT,POLLING,,POLLING PLACE,,TO,,TO VENUE,POLLING PLACE
,DISTRICT,,,,POLLING,,,
,NAME,,,,PLACE,,,
PK0506,SOSW0601,CRAIGTON,,,,,BOWLING GREENS,Still under
,,PRIMARY SCHOOL,,,,,BELLAHOUSTON PARK,consideration
,,,,,,,(submitted during,
,,,,,,,consultation),
SS0506,SOSW0602,NITHSDALE ROAD,BELLAHOUSTON,0.5,ST,1M,To not use early years or,Still under
,,NURSERY,ACADEMY,,ALBERT'S,,ASL Education,consideration
,,,,,PRIMARY,,establishments.,
,,,,,SCHOOL,,Bellahouston Academy is,
,,,,,,,not an existing polling,
,,,,,,,place however St Albert's,
,,,,,,,PS is an existing polling,
,,,,,,,place.,
SS0706,SOSW0603,ST ALBERT'S,No change,,,,,No change
,,PRIMARY SCHOOL,,,,,,
,,,,,,,,
SS0806,SOSW0604,POLLOKSHIELDS,No change,,,,,No change
,,PRIMARY SCHOOL,,,,,,
,,,,,,,,
SS0906,SOSO0601,SHAWLANDS,No change,,,,,No change
,,PRIMARY SCHOOL,,,,,,
,,,,,,,,
SS1006,SOSW0605,POLLOKSHIELDS,ST ALBERT'S,0.7,,,The cost of the current,No change
,,BURGH HALL,PRIMARY,,,,polling place is,
,,,SCHOOL,,,,approximately £2000.,
,,,,,,,St Albert's PS is an,
,,,,,,,existing polling place.,
SS1106,SOSO0602,SHAWLANDS,No change,,,,,No change
,,ACADEMY,,,,,,
SS1206,SOSO0603,QUEENS PARK,No change,,,,,No change
,,CHURCH OF,,,,,,
,,SCOTLAND,,,,,,
EXISTING,POLLING,PROPOSED,CURRENT POLLING,PROPOSED CHANGE TO POLLING,,,,
POLLING,DISTRICT,NEW,PLACE,PLACE,,,,
DISTRICT,MERGE,POLLING,,,,,,
,WITH,DISTRICT,,,,,,
,,NAME,,,,,,
CC0107,,SOSO0701,MOUNT FLORIDA,No change,,,,
,,,PRIMARY SCHOOL,,,,,
,,,,,,,,
CC0207,,SOSO0702,BATTLEFIELD PRIMARY,No change,,,,
,,,SCHOOL,,,,,
,,,,,,,,
CC0307,,SOSO0703,BATTLEFIELD PRIMARY,No change,,,,
,,,SCHOOL,,,,,
,,,,,,,,
CC0407,,SOSO0704,CATHCART,No change,,,,
,,,CONGREGATONAL,,,,,
,,,CHURCH HALL,,,,,
CC0507,,SOSO0705,MOUNT FLORIDA,No change,,,,
,,,PRIMARY SCHOOL,,,,,
,,,,,,,,
CC0607,,SOSO0706,ST HELENS CHURCH,No change,,,,
,,,HALL,,,,,
CC0707,,SOSO0707,NEWLANDS SOUTH,No change,,,,
,,,CHURCH HALL,,,,,
,,,,,,,,
CC0807,CC0907,SOSO0708,KING'S PARK PRIMARY,No change,,,,
,,,SCHOOL,,,,,
,,,,,,,,
CC0907,CC0807,,,,,,,
,,,,,,,,
CC1007,,SOSO0709,NEWLANDS SOUTH,No change,,,,
,,,CHURCH HALL,,,,,
,,,,,,,,
SS1607,,SOSO0710,ST BRIGID'S PRIMARY,No change,,,,
,,,SCHOOL,,,,,
EXISTING,PROPOSED,CURRENT POLLING,PROPOSED,,,,,
POLLING,NEW,PLACE,CHANGE TO,,,,,
DISTRICT,POLLING,,POLLING,,,,,
,DISTRICT,,PLACE,,,,,
,NAME,,,,,,,
SS1408,SOEA0801,HOLYROOD,No change,,,,,
,,SECONDARY,,,,,,
,,SCHOOL,,,,,,
SS1508,SOSO0801,ST BRIDE'S PRIMARY,No change,,,,,
,,SCHOOL,,,,,,
,,,,,,,,
SS1708,CEEA0801,THE BARN YOUTH,No change,,,,,
,,CENTRE,,,,,,
SS1808,SOEA0802,ST FRANCIS',No change,,,,,
,,PRIMARY SCHOOL,,,,,,
,,,,,,,,
SS1908,SOEA0803,BLACKFRIARS,No change,,,,,
,,PRIMARY SCHOOL,,,,,,
,,,,,,,,
SS2008,SOEA0804,ANNETTE STREET,No change,,,,,
,,PRIMARY SCHOOL,,,,,,
,,,,,,,,
SS2108,SOEA0805,ST FRANCIS',No change,,,,,
,,PRIMARY SCHOOL,,,,,,
,,,,,,,,
SS2208,SOEA0806,HOLY CROSS,No change,,,,,
,,PRIMARY SCHOOL,,,,,,
,,,,,,,,
SS2308,SOEA0807,NEW GORBALS,No change,,,,,
,,HOUSING ASSOC,,,,,,
,,WARDEN COMMUNAL,,,,,,
,,RM,,,,,,
SS2408,SOEA0808,ST BRIDE'S PRIMARY,No change,,,,,
,,SCHOOL,,,,,,
,,,,,,,,
EXISTING,POLLING,PROPOSED,CURRENT POLLING,PROPOSED,PROPOSED,,,
POLLING,DISTRICT,NEW,PLACE,CHANGE TO,CHANGE TO,,,
DISTRICT,MERGE,POLLING,,POLLING,POLLING,,,
,WITH,DISTRICT,,PLACE,PLACE,,,
,,NAME,,,,,,
SH1009,,CEEA0901,CALTON HERITAGE,No change,,,,
,,,& LEARNING,,,,,
,,,CENTRE,,,,,
SH1109,,CEEA0902,BRIDGETON,No change,,,,
,,,LIBRARY,,,,,
SH1209,,CEEA0903,ST ANNE'S,CROWNPOINT,After,,,
,,,PRIMARY SCHOOL,SC (submitted,consideration,,,
,,,,during,"of comments,",,,
,,,,consultation),move to,,,
,,,,(0.3m),CROWNPOINT,,,
,,,,,SC,,,
SH1309,,CEEA0904,ST ANNE'S,CROWNPOINT,After,,,
,,,PRIMARY SCHOOL,SC (submitted,consideration,,,
,,,,during,"of comments,",,,
,,,,consultation),move to,,,
,,,,(0.3m),CROWNPOINT,,,
,,,,,SC,,,
SH1409,,CEEA0905,ST ANNE'S,CROWNPOINT,After,,,
,,,PRIMARY SCHOOL,SC (submitted,consideration,,,
,,,,during,"of comments,",,,
,,,,consultation),move to,,,
,,,,(0.3m),CROWNPOINT,,,
,,,,,SC,,,
SH1509,,CEEA0906,ST MICHAEL'S,St Michaels,After,,,
,,,PRIMARY SCHOOL,Chapel Hall,consideration,,,
,,,,(submitted,"of comments,",,,
,,,,during,move to St,,,
,,,,consultation),Michaels,,,
,,,,(0.2m),Chapel Hall,,,
SH1609,,CEEA0907,SACRED HEART,BCLC,After,,,
,,,PRIMARY SCHOOL,(submitted,consideration,,,
,,,,during,"of comments,",,,
,,,,consultation),move to BCLC,,,
,,,,(0.2m),,,,
SH1709,,CEEA0908,DALMARNOCK,No change,,,,
,,,PRIMARY SCHOOL,,,,,
,,,,,,,,
SH1809,,CEEA0909,RIVERBANK,Emirates Arena,Still under,,,
,,,PRIMARY SCHOOL,(submitted,consideration,,,
,,,,during,,,,
,,,,consultation),,,,
,,,,(0.7m),,,,
SH1909,,CEEA0910,CALTON PARKHEAD,No change,,,,
,,,PARISH CHURCH,,,,,
,,,HALL,,,,,
SH2009,,CEEA0911,HELENSLEA,No change,,,,
,,,COMMUNITY HALL,,,,,
SH2109,SH2209,CENE0901,REIDVALE,No change,,,,
,,,NEIGHBOURHOOD,,,,,
,,,CENTRE,,,,,
SH2209,SH2109,,,,,,,
,,,,,,,,
EXISTING,POLLING,PROPOSED,CURRENT POLLING,PROPOSED,DISTANCE,REASON FOR PROPOSED,PROPOSED CHANGE TO,
POLLING,DISTRICT,NEW,PLACE,CHANGE TO,MILES,CHANGE TO VENUE,POLLING PLACE,
DISTRICT,MERGE,POLLING,,POLLING,,,,
,WITH,DISTRICT,,PLACE,,,,
,,NAME,,,,,,
KE0110,,CENO1001,KELVINGROVE,No change,,,No change,
,,,TENNIS - BOWLING,,,,,
,,,CLUB,,,,,
KE0210,,CENO1002,GAELIC SCHOOL,No change,,,No change,
,,,,,,,,
KE0310,,CENO1003,GARNETBANK,No change,,,No change,
,,,PRIMARY SCHOOL,,,,,
,,,,,,,,
KE0410,,CEEA1001,* THE BURGH,No change,,,No change,
,,,COURT HALL,,,,,
KE0510,,CENO1004,ST PATRICK'S,No change,,,No change,
,,,PRIMARY SCHOOL,,,,,
,,,,,,,,
KE0610,,CENO1005,GARNETHILL,GARNETBANK,0.2,The cost of the current polling,GARNETBANK PRIMARY,
,,,MULTICULTURAL,PRIMARY,,place is approximately £2000.,SCHOOL,
,,,COMMUNITY,SCHOOL,,Garnetbank PS is an existing,,
,,,CENTRE,,,polling place.,,
KE0710,,CENO1006,GAELIC SCHOOL,No change,,,No change,
,,,,,,,,
KE0810,KE3110,CENO1007,DUNDASVALE,No change,,,No change,
,,,RESIDENTS,,,,,
,,,ASSOCIATION HALL,,,,,
KE0910,KE3210,CENE1001,ST MUNGO'S,No change,,,No change,
,,,PRIMARY SCHOOL,,,,,
,,,,,,,,
KE1010,,CEEA1002,THE BURGH COURT,No change,,,No change,
,,,HALL,,,,,
KE3110,KE0810,,,,,,,
,,,,,,,,
KE3210,KE0910,,,,,,,
,,,,,,,,
EXISTING,PROPOSED,CURRENT,PROPOSED,DISTANCE,REASON FOR PROPOSED CHANGE,PROPOSED CHANGE,,
POLLING,NEW,POLLING PLACE,CHANGE TO,MILES,TO VENUE,TO POLLING PLACE,,
DISTRICT,POLLING,,POLLING,,,,,
,DISTRICT,,PLACE,,,,,
,NAME,,,,,,,
KE1311,KMNO1101,BELHAVEN,NORTH,0.1m,To not use early years or ASL Education,NORTH KELVINSIDE,,
,,NURSERY,KELVINSIDE,,establishments.,PS,,
,,,PS,,North Kelvinside PS is not an existing,,,
,,,,,polling place.,,,
KE1811,KMNO1102,HILLHEAD HIGH,No change,,,No change,,
,,SCHOOL,,,,,,
KE1911,KMNO1103,HILLHEAD HIGH,No change,,,No change,,
,,SCHOOL,,,,,,
KE2011,KMNO1104,COMMUNITY,No change,,,No change,,
,,CENTRAL HALLS,,,,,,
KE2111,KMNO1105,ST JOSEPH'S,No change,,,No change,,
,,PRIMARY SCHOOL,,,,,,
,,,,,,,,
KE2211,KMNO1106,HILLHEAD,No change,,,No change,,
,,PRIMARY SCHOOL,,,,,,
KE2311,KMNO1107,HILLHEAD,No change,,,No change,,
,,PRIMARY SCHOOL,,,,,,
KE3011,KMNO1108,DUNARD PRIMARY,No change,,,No change,,
,,SCHOOL,,,,,,
EXISTING,PROPOSED,CURRENT POLLING,PROPOSED,,,,,
POLLING,NEW,PLACE,CHANGE TO,,,,,
DISTRICT,POLLING,,POLLING,,,,,
,DISTRICT,,PLACE,,,,,
,NAME,,,,,,,
AN3012,ANWE1201,JORDANHILL PARISH,No change,,,,,
,,CHURCH HALL,,,,,,
,,,,,,,,
AN3112,ANWE1202,ST THOMAS AQUINAS,No change,,,,,
,,SEC SCHOOL,,,,,,
,,,,,,,,
AN3212,ANWE1203,WHITEINCH,No change,,,,,
,,COMMUNITY CENTRE,,,,,,
,,,,,,,,
AN3312,ANWE1204,BROOMHILL,No change,,,,,
,,COMMUNITY,,,,,,
,,CHURCH OF THE,,,,,,
,,NAZARENE,,,,,,
AN3412,ANWE1205,BROOMHILL,No change,,,,,
,,PRIMARY SCHOOL,,,,,,
,,,,,,,,
AN3512,ANWE1206,RITE HOME LETTING,No change,,,,,
,,AGENCY,,,,,,
KE2412,ANWE1207,THORNWOOD,No change,,,,,
,,PRIMARY SCHOOL,,,,,,
,,,,,,,,
EXISTING,PROPOSED,CURRENT POLLING,PROPOSED,,,,,
POLLING,NEW,PLACE,CHANGE TO,,,,,
DISTRICT,POLLING,,POLLING,,,,,
,DISTRICT,,PLACE,,,,,
,NAME,,,,,,,
AN1613,ANWE1301,ST NINIAN'S PRIMARY,No change,,,,,
,,SCHOOL,,,,,,
,,,,,,,,
AN1713,ANWE1302,KNIGHTSWOOD,No change,,,,,
,,BAPTIST CHURCH,,,,,,
,,,,,,,,
AN1813,ANWE1303,ST DAVID'S CHURCH,No change,,,,,
,,HALL,,,,,,
AN1913,ANWE1304,ST BRENDANS RC,No change,,,,,
,,CHURCH HALL,,,,,,
,,,,,,,,
AN2013,ANWE1305,BANKHEAD PRIMARY,No change,,,,,
,,SCHOOL,,,,,,
AN2113,ANWE1306,CORPUS CHRISTI,No change,,,,,
,,PRIMARY SCHOOL,,,,,,
,,,,,,,,
AN2213,ANWD1301,CLYDE CAMPUS,No change,,,,,
,,,,,,,,
AN2313,ANWE1307,YOKER RESOURCE,No change,,,,,
,,CENTRE,,,,,,
AN2413,ANWE1308,BANKHEAD PRIMARY,No change,,,,,
,,SCHOOL,,,,,,
AN2513,ANWE1309,HEART OF,No change,,,,,
,,SCOTSTOUN,,,,,,
,,COMMUNITY CENTRE,,,,,,
AN2613,ANWE1310,SCOTSTOUN,No change,,,,,
,,PRIMARY SCHOOL,,,,,,
,,,,,,,,
AN2713,ANWE1311,KINGSWAY,No change,,,,,
,,COMMUNITY,,,,,,
,,CONNECTIONS,,,,,,
AN2813,ANWE1312,HEART OF,No change,,,,,
,,SCOTSTOUN,,,,,,
,,COMMUNITY CENTRE,,,,,,
EXISTING,POLLING,PROPOSED,CURRENT POLLING,PROPOSED,DISTANCE,REASON FOR,PROPOSED CHANGE TO,
POLLING,DISTRICT,POLLING,PLACE,CHANGE TO,MILES,PROPOSED CHANGE TO,POLLING PLACE,
DISTRICT,MERGE,DISTRICT,,POLLING PLACE,,VENUE,,
,WITH,NAME,,,,,,
,,,,,,,,
AN0114,,ANWE1401,ANTONINE PRIMARY,No change,,,No change,
,,,SCHOOL,,,,,
AN0214,,ANWE1402,PHOENIX,No change,,,No change,
,,,NEIGHBOURHOOD,,,,,
,,,CENTRE,,,,,
AN0314,,ANWE1403,LANGFAULDS PRIMARY,No change,,,No change,
,,,SCHOOL,,,,,
,,,,,,,,
AN0414,,ANWE1404,CAMSTRADDEN,No change,,,No change,
,,,PRIMARY SCHOOL,,,,,
,,,,,,,,
AN0514,,ANWE1405,CAMSTRADDEN,No change,,,No change,
,,,PRIMARY SCHOOL,,,,,
,,,,,,,,
AN0614,,ANWE1406,CLOAN NURSERY,CAMSTRADDEN,1 MILE,To not use early years or,No change,
,,,,PRIMARY,,ASL Education,,
,,,,SCHOOL,,establishments.,,
,,,,,,Camstradden PS is an,,
,,,,,,existing polling place.,,
AN0714,,ANWE1407,BLAIRDARDIE PRIMARY,No change,,,No change,
,,,SCHOOL,,,,,
,,,,,,,,
AN0814,,ANWE1408,ST MARGARETS,No change,,,No change,
,,,PARISH CHURCH HALL,,,,,
,,,,,,,,
AN0914,,ANWE1409,KNIGHTSCLIFFE,No change,,,No change,
,,,COMMUNITY HALL,,,,,
,,,,,,,,
AN1014,,ANWE1410,BLAIRDARDIE PRIMARY,No change,,,No change,
,,,SCHOOL,,,,,
,,,,,,,,
AN1114,,ANWE1411,KNIGHTSWOOD,No change,,,No change,
,,,PRIMARY SCHOOL,,,,,
,,,,,,,,
AN1214,,ANWE1412,KNIGHTSWOOD,No change,,,No change,
,,,PRIMARY SCHOOL,,,,,
,,,,,,,,
AN1314,AN1414,,,,,,No change,
,,,,,,,,
AN1414,AN1314,ANWE1413,TEMPLE-ANNIESLAND,No change,,,No change,
,,,CHURCH HALL,,,,,
,,,,,,,,
EXISTING,PROPOSED,CURRENT,PROPOSED,DISTANCE,REASON FOR PROPOSED CHANGE,PROPOSED CHANGE TO,,
POLLING,NEW,POLLING PLACE,CHANGE TO,MILES,TO VENUE,POLLING PLACE,,
DISTRICT,POLLING,,POLLING,,,,,
,DISTRICT,,PLACE,,,,,
,NAME,,,,,,,
KE1215,KMNO1501,KELBOURNE PARK,NORTH,0.3M,To not use early years or ASL Education,NORTH KELVINSIDE PS,,
,,SCHOOL,KELVINSIDE,,establishments.,,,
,,,PS,,North Kelvinside PS is not an existing,,,
,,,,,polling place.,,,
MS1515,KMNO1502,ST MARY'S,No change,,,No change,,
,,(MARYHILL),,,,,,
,,PRIMARY SCHOOL,,,,,,
MS1715,KMNO1503,ST MARY'S,No change,,,No change,,
,,(MARYHILL),,,,,,
,,PRIMARY SCHOOL,,,,,,
MS1815,KMNO1504,ST MARY'S,No change,,,No change,,
,,(MARYHILL),,,,,,
,,PRIMARY SCHOOL,,,,,,
MS1915,KMNO1505,ST BLANE'S,No change,,,No change,,
,,PRIMARY SCHOOL,,,,,,
MS2115,KMNO1506,ACRE RESIDENTS,No change,,,No change,,
,,COMMUNITY HALL,,,,,,
,,,,,,,,
MS2315,KMNO1507,LANGA STREET,CADDER,0.1M,To not use early years or ASL Education,CADDER PRIMARY SCHOOL,,
,,NURSERY,PRIMARY,,establishments.,,,
,,SCHOOL,SCHOOL,,Cadder PS is an existing polling place.,,,
MS2415,KMNO1508,ST MARY'S,No change,,,No change,,
,,(MARYHILL),,,,,,
,,PRIMARY SCHOOL,,,,,,
MS2515,KMNO1509,ST MARY'S,No change,,,No change,,
,,(MARYHILL),,,,,,
,,PRIMARY SCHOOL,,,,,,
MS2615,KMNO1510,GLASGOW CLUB,No change,,,No change,,
,,MAYHILL,,,,,,
MS2715,KMNO1511,WYNDFORD,GLASGOW,0.3M,To not use early years or ASL Education,Still under consideration,,
,,NURSERY,CLUB,,establishments.,,,
,,SCHOOL,MAYHILL,,Glasgow Club Maryhill is an existing,,,
,,,,,polling place.,,,
MS2815,KMNO1512,MARYHILL,No change,,,No change,,
,,COMMUNITY,,,,,,
,,CENTRE,,,,,,
EXISTING,POLLING,PROPOSED,CURRENT,PROPOSED,DISTANCE,REASON FOR PROPOSED,PROPOSED CHANGE TO,
POLLING,DISTRICT,NEW,POLLING PLACE,CHANGE TO,MILES,CHANGE TO VENUE,POLLING PLACE,
DISTRICT,MERGE,POLLING,,POLLING,,,,
,WITH,DISTRICT,,PLACE,,,,
,,NAME,,,,,,
KE1416,,KMNO1601,DUNARD,No change,,,No change,
,,,PRIMARY,,,,,
,,,SCHOOL,,,,,
MS0116,,KMNO1602,RUCHILL GOLF,No change,,,No change,
,,,CLUB,,,,,
MS0216,,KMNO1603,RUCHILL GOLF,No change,,,No change,
,,,CLUB,,,,,
MS0316,MS1016,,,,,,No change,
,,,,,,,,
MS0416,,KMNO1604,RUCHILL GOLF,No change,,,No change,
,,,CLUB,,,,,
MS0516,,ESNO1601,SCARAWAY,CHIRNSYDE,0.8M,To not use early years or ASL,No change,
,,,NURSERY,PRIMARY,,Education establishments.,,
,,,SCHOOL,SCHOOL,,Chirnsyde PS is an existing polling,,
,,,,,,place.,,
MS0616,,ESNO1602,CHIRNSYDE,No change,,,No change,
,,,PRIMARY,,,,,
,,,SCHOOL,,,,,
MS0716,,ESNO1603,TRINITY POSSIL,No change,,,No change,
,,,AND HENRY,,,,,
,,,DRUMMOND,,,,,
,,,CHURCH HALL,,,,,
MS0816,,ESNO1604,POSSIL POINT,No change,,,No change,
,,,,,,,,
MS0916,,KMNO1605,RUCHILL GOLF,No change,,,No change,
,,,CLUB,,,,,
MS1016,MS0316,ESNO1605,TRINITY POSSIL,No change,,,No change,
,,,AND HENRY,,,,,
,,,DRUMMOND,,,,,
,,,CHURCH HALL,,,,,
MS1116,,KMNO1606,POSSILPARK,No change,,,No change,
,,,PARISH CHURCH,,,,,
,,,HALL,,,,,
MS1216,,ESNO1606,POSSILPARK,No change,,,No change,
,,,PARISH CHURCH,,,,,
,,,HALL,,,,,
MS2016,MS2216,,,,,,,
MS2216,MS2016,KMNO1607,CADDER,No change,,,No change,
,&,,PRIMARY,,,,,
,MS4416,,SCHOOL,,,,,
MS4416,MS2216,,,,,,,
MS4616,,ESNE1601,SIGHTHILL,No change,,,No change,
,,,COMMUNITY,,,,,
,,,CAMPUS,,,,,
EXISTING,PROPOSED,CURRENT POLLING,PROPOSED,DISTANCE,REASON FOR PROPOSED,PROPOSED CHANGE TO,,
POLLING,NEW,PLACE,CHANGE TO,MILES,CHANGE TO VENUE,POLLING PLACE,,
DISTRICT,POLLING,,POLLING PLACE,,,,,
,DISTRICT,,,,,,,
,NAME,,,,,,,
MS3417,ESNE1701,COLSTON WELLPARK,No change,,,No change,,
,,PARISH CHURCH HALL,,,,,,
,,,,,,,,
MS3517,ESNE1702,CARRON COMMUNITY,No change,,,No change,,
,,LOUNGE,,,,,,
,,,,,,,,
MS3617,ESNE1703,SPRINGBURN,No change,,,No change,,
,,ACADEMY,,,,,,
MS3717,ESNE1704,BALORNOCK PRIMARY,No change,,,No change,,
,,SCHOOL,,,,,,
,,,,,,,,
MS3817,ESNE1705,SPRINGBURN LIBRARY,No change,,,No change,,
,,,,,,,,
MS3917,ESNE1706,ELMVALE PRIMARY,No change,,,No change,,
,,SCHOOL,,,,,,
MS4017,ESNE1707,BALORNOCK PRIMARY,No change,,,No change,,
,,SCHOOL,,,,,,
,,,,,,,,
MS4117,ESNE1708,BONNYBROOM,BALORNOCK,0.6M,To not use early years or ASL,BALORNOCK PRIMARY,,
,,NURSERY,PRIMARY SCHOOL,,Education establishments.,SCHOOL,,
,,,,,Balornock PS is an existing polling,,,
,,,,,place.,,,
MS4217,ESNE1709,NG HOMES,No change,,,No change,,
,,COMMUNITY LOUNGE,,,,,,
,,,,,,,,
PR3017,ESNE1710,WALLACEWELL,No change,,,No change,,
,,PRIMARY SCHOOL,,,,,,
,,,,,,,,
PR3217,ESNE1711,ST MARTHA'S PRIMARY,No change,,,No change,,
,,SCHOOL,,,,,,
,,,,,,,,
PR3317,ESNE1712,ST CATHERINES RC,No change,,,No change,,
,,CHURCH HALL,,,,,,
,,,,,,,,
PR3417,ESNE1713,BALORNOCK EAST,WALLACEWELL,0.5M,The cost of the current polling,WALLACEWELL PRIMARY,,
,,YOUTH CENTRE,PRIMARY SCHOOL,,place is approximately £2000.,SCHOOL,,
,,,,,Wallacewell PS is an existing,,,
,,,,,polling place.,,,
EXISTING,PROPOSED,CURRENT,PROPOSED,DISTANCE,PROPOSED,DISTANCE,REASON FOR,PROPOSED CHANGE
POLLING,NEW,POLLING PLACE,CHANGE TO,MILES,CHANGE,MILES,PROPOSED CHANGE TO,TO POLLING PLACE
DISTRICT,POLLING,,POLLING,,TO,,VENUE,
,DISTRICT,,PLACE,,POLLING,,,
,NAME,,,,PLACE,,,
PR0118,BSNE1801,ST TIMOTHY'S,No change,,,,,No change
,,PRIMARY,,,,,,
,,SCHOOL,,,,,,
PR0218,BSNE1802,THORNTREE,No change,,,,,No change
,,PRIMARY,,,,,,
,,SCHOOL,,,,,,
PR0318,BSNE1803,BUDHILL FAMILY,THORNTREE,0.5M,,,To not use early years or,THORNTREE
,,LEARNING PRE 5,PRIMARY,,,,ASL Education,PRIMARY SCHOOL
,,CE CENTRE,SCHOOL,,,,establishments.,
,,,,,,,Thorntree PS is an existing,
,,,,,,,polling place.,
PR0618,BSNE1804,ST MARIA,No change,,,,,No change
,,GORETTI,,,,,,
,,CAMPUS,,,,,,
PR0718,BSNE1805,ST MARIA,No change,,,,,No change
,,GORETTI,,,,,,
,,CAMPUS,,,,,,
PR0818,BSNE1806,WESTMUIR HIGH,ST,0.9m,CARNTYNE,0.6m,To not use early years or,Still under
,,SCHOOL,TIMOTHY'S,,PARISH,,ASL Education,consideration
,,,PRIMARY,,CHURCH,,establishments. Both are,
,,,SCHOOL,,HALL,,existing polling places.,
,,,,,,,,
PR0918,BSNE1807,ST TIMOTHY'S,No change,,,,,No change
,,PRIMARY,,,,,,
,,SCHOOL,,,,,,
PR1118,BSNE1808,ST THOMAS',No change,,,,,No change
,,PRIMARY,,,,,,
,,SCHOOL,,,,,,
PR1218,BSNE1809,CARNTYNE,No change,,,,,No change
,,PRIMARY,,,,,,
,,SCHOOL,,,,,,
PR1318,BSNE1810,CARNTYNE,No change,,,,,No change
,,PARISH CHURCH,,,,,,
,,HALL,,,,,,
SH0118,BSNE1811,OUR LADY OF,No change,,,,,No change
,,PEACE PRIMARY,,,,,,
,,SCHOOL,,,,,,
SH0218,BSNE1812,SANDAIG,No change,,,,,No change
,,PRIMARY,,,,,,
,,SCHOOL,,,,,,
EXISTING,PROPOSED,CURRENT POLLING,PROPOSED,,,,,
POLLING,NEW,PLACE,CHANGE TO,,,,,
DISTRICT,POLLING,,POLLING,,,,,
,DISTRICT,,PLACE,,,,,
,NAME,,,,,,,
SH2319,BSEA1901,EASTBANK PRIMARY,No change,,,,,
,,SCHOOL,,,,,,
SH2419,BSEA1902,MOUNT VERNON,No change,,,,,
,,PRIMARY SCHOOL,,,,,,
,,,,,,,,
SH2519,BSEA1903,CARMYLE PRIMARY,No change,,,,,
,,SCHOOL,,,,,,
SH2619,BSEA1904,QUARRYBRAE,No change,,,,,
,,PRIMARY SCHOOL,,,,,,
,,,,,,,,
SH2719,BSEA1905,QUARRYBRAE,No change,,,,,
,,PRIMARY SCHOOL,,,,,,
,,,,,,,,
SH2819,BSEA1906,EASTBANK ACADEMY,No change,,,,,
,,,,,,,,
SH2919,BSEA1907,WELLSHOT PRIMARY,No change,,,,,
,,SCHOOL,,,,,,
SH3019,BSEA1908,ST PAUL'S,No change,,,,,
,,(SHETTLESTON),,,,,,
,,SCHOOL,,,,,,
SH3119,BSEA1909,EASTBANK ACADEMY,No change,,,,,
,,,,,,,,
SH3219,BSEA1910,EASTBANK PRIMARY,No change,,,,,
,,SCHOOL,,,,,,
SH3319,BSEA1911,ST JOSEPHS RC,No change,,,,,
,,CHURCH HALL,,,,,,
,,,,,,,,
SH3419,BSEA1912,SANDYHILLS,No change,,,,,
,,COMMUNITY ASSOC,,,,,,
,,,,,,,,
EXISTING,PROPOSED,CURRENT POLLING,PROPOSED,,,,,
POLLING,NEW,PLACE,CHANGE TO,,,,,
DISTRICT,POLLING,,POLLING,,,,,
,DISTRICT,,PLACE,,,,,
,NAME,,,,,,,
PR0420,BSNE2001,"THE HUB,",No change,,,,,
,,WELLHOUSE,,,,,,
,,COMMUNITY CAFE,,,,,,
PR0520,BSNE2002,GLENBURN CENTRE,No change,,,,,
,,,,,,,,
SH0320,BSEA2001,BROOMHOUSE HALL,No change,,,,,
,,,,,,,,
SH0420,BSEA2002,GARROWHILL,No change,,,,,
,,PRIMARY SCHOOL,,,,,,
,,,,,,,,
SH0520,BSEA2003,SWINTON PRIMARY,No change,,,,,
,,SCHOOL,,,,,,
SH0620,BSEA2004,CALEDONIA PRIMARY,No change,,,,,
,,SCHOOL,,,,,,
,,,,,,,,
SH0720,BSEA2005,CALEDONIA PRIMARY,No change,,,,,
,,SCHOOL,,,,,,
,,,,,,,,
SH0820,BSEA2006,ST BRIDGET'S,No change,,,,,
,,PRIMARY SCHOOL,,,,,,
,,,,,,,,
EXISTING,PROPOSED,CURRENT POLLING,PROPOSED,DISTANCE,REASON FOR,PROPOSED,,
POLLING,NEW,PLACE,CHANGE TO,MILES,PROPOSED,CHANGE TO,,
DISTRICT,POLLING,,POLLING,,CHANGE TO VENUE,POLLING PLACE,,
,DISTRICT,,PLACE,,,,,
,NAME,,,,,,,
PR2121,ESNE2101,ST ROSE OF LIMA,No change,,,No change,,
,,PRIMARY SCHOOL,,,,,,
,,,,,,,,
PR2221,ESNE2102,ST ROSE OF LIMA,No change,,,No change,,
,,PRIMARY SCHOOL,,,,,,
,,,,,,,,
PR2321,ESNE2103,THE CONNIE,No change,,,No change,,
,,,,,,,,
PR2421,ESNE2104,EASTERHOUSE,No change,,,No change,,
,,BAPTIST CHURCH,,,,,,
,,,,,,,,
PR2521,ESNE2105,OAKWOOD,No change,,,No change,,
,,PRIMARY SCHOOL,,,,,,
PR2621,ESNE2106,BUCHLYVIE,EASTERHOUSE,0.01M,To not use early years,EASTERHOUSE,,
,,NURSERY,PARISH,,or ASL Education,PARISH CHURCH,,
,,,CHURCH,,establishments.,,,
,,,,,,,,
PR2821,ESNE2107,ST PHILOMENA'S,MOLENDINAR,0.02M,,Still under,,
,,PRIMARY SCHOOL,COMMUNITY,,,consideration,,
,,,CENTRE,,,,,
,,,(submitted,,,,,
,,,during,,,,,
,,,consultation),,,,,
PR2921,ESNE2108,ST PHILOMENA'S,No change,,,No change,,
,,PRIMARY SCHOOL,,,,,,
,,,,,,,,
PR3121,ESNE2109,ST ROSE OF LIMA,No change,,,No change,,
,,PRIMARY SCHOOL,,,,,,
,,,,,,,,
EXISTING,POLLING,PROPOSED,CURRENT POLLING,PROPOSED,DISTANCE,REASON FOR PROPOSED,PROPOSED CHANGE TO,
POLLING,DISTRICT,NEW,PLACE,CHANGE TO,MILES,CHANGE TO VENUE,POLLING PLACE,
DISTRICT,MERGE,POLLING,,POLLING,,,,
,WITH,DISTRICT,,PLACE,,,,
,,NAME,,,,,,
KE1122,KE2822,ESNE2201,LADYWELL,No change,,,No change,
,,,COMMUNITY HALL,,,,,
KE2822,KE1122,,,,,,,
,,,,,,,,
MS3022,,ESNE2202,ROYSTON,No change,,,No change,
,,,PRIMARY SCHOOL,,,,,
MS3122,,ESNE2203,SIGHTHILL,No change,,,No change,
,,,COMMUNITY,,,,,
,,,CAMPUS,,,,,
MS3222,,ESNE2204,BARMULLOCH,No change,,,No change,
,,,PRIMARY SCHOOL,,,,,
,,,,,,,,
MS3322,,ESNE2205,ROYSTON SPIRE,No change,,,No change,
,,,COMMUNITY HUB,,,,,
,,,,,,,,
PR1022,PR1722,,,,,,,
,,,,,,,,
PR1422,,ESNE2206,HAGHILL PARK,No change,,,No change,
,,,PRIMARY SCHOOL,,,,,
,,,,,,,,
PR1522,,ESNE2207,ALEXANDRA,No change,,,No change,
,,,PARADE PRIMARY,,,,,
,,,SCHOOL,,,,,
PR1622,,ESNE2208,ALEXANDRA,No change,,,No change,
,,,PARADE PRIMARY,,,,,
,,,SCHOOL,,,,,
PR1722,PR1022,ESNE2209,ALEXANDRA,No change,,,No change,
,,,PARADE PRIMARY,,,,,
,,,SCHOOL,,,,,
PR1822,,ESNE2210,WELLPARK,ST DENIS',0.6M,The cost of the current polling,Still under consideration,
,,,COMMUNITY HALL,PRIMARY,,place is approximately £2000.,,
,,,,SCHOOL,,St Denis' PS is an existing polling,,
,,,,,,place.,,
,,,,,,,,
PR1922,,ESNE2211,ST DENIS' PRIMARY,No change,,,No change,
,,,SCHOOL,,,,,
EXISTING,POLLING,PROPOSED,CURRENT POLLING,PROPOSED,,,,
POLLING,DISTRICT,NEW,PLACE,CHANGE TO,,,,
DISTRICT,MERGE,POLLING,,POLLING,,,,
,WITH,DISTRICT,,PLACE,,,,
,,NAME,,,,,,
AN3723,,KMWE2301,KELVINDALE,No change,,,,
,,,PRIMARY SCHOOL,,,,,
,,,,,,,,
KE1523,,KMWE2302,HYNDLAND,No change,,,,
,,,SECONDARY,,,,,
,,,SCHOOL,,,,,
KE1623,,KMWE2303,NOTRE DAME,No change,,,,
,,,PRIMARY SCHOOL,,,,,
,,,,,,,,
KE1723,,KMWE2304,HYNDLAND,No change,,,,
,,,SECONDARY,,,,,
,,,SCHOOL,,,,,
KE2523,,KMWE2305,HYNDLAND PRIMARY,No change,,,,
,,,SCHOOL,,,,,
,,,,,,,,
KE2623,,KMWE2306,NOTRE DAME,No change,,,,
,,,PRIMARY SCHOOL,,,,,
,,,,,,,,
KE2723,,KMWE2307,NOTRE DAME,No change,,,,
,,,PRIMARY SCHOOL,,,,,
,,,,,,,,
MS1323,,KMNO2301,KELVINDALE,No change,,,,
,,,PRIMARY SCHOOL,,,,,
,,,,,,,,
MS1423,,KMNO2302,KELVINDALE,No change,,,,
,,,PRIMARY SCHOOL,,,,,
,,,,,,,,
MS1623,,KMNO2303,CLEVEDEN,No change,,,,
,,,SECONDARY,,,,,
,,,SCHOOL,,,,,
MS4523,,KMWE2308,TEMPLE-,No change,,,,
,,,ANNIESLAND,,,,,
,,,CHURCH HALL,,,,,
